points_txn_id,loyalty_member_id,source_system,source_reference,activity_type,points,activity_datetime
70001,3164,POS,83657,Earn,6,20/02/2024 01:37
70002,3036,POS,89674,Adjust,-14,09/04/2024 06:44
70003,3109,POS,83811,Earn,6,18/01/2024 01:21
70004,3130,POS,91731,Adjust,-19,12/04/2024 04:07
70005,3167,POS,87359,Adjust,14,17/03/2024 08:54
70006,3151,ONLINE,85574,Redeem,-10,30/01/2024 01:33
70007,3072,POS,81519,Earn,18,02/03/2024 06:36
70008,3098,ONLINE,93223,Earn,27,03/03/2024 14:45
70009,3012,POS,86201,Adjust,9,07/04/2024 14:48
70010,3021,ONLINE,89459,Adjust,-2,24/04/2024 10:34
70011,3050,POS,92665,Adjust,-16,09/01/2024 08:12
70012,3075,ONLINE,84554,Earn,19,19/01/2024 09:16
70013,3117,ONLINE,85820,Adjust,3,30/01/2024 14:38
70014,3054,POS,89980,Adjust,-3,27/04/2024 23:18
70015,3163,POS,87573,Earn,39,14/02/2024 13:35
70016,3098,POS,91216,Redeem,-91,11/04/2024 09:21
70017,3084,ONLINE,86572,Earn,19,06/01/2024 20:14
70018,3069,ONLINE,83483,Earn,18,13/04/2024 06:02
70019,3168,ONLINE,82340,Redeem,-60,27/04/2024 00:39
70020,3068,ONLINE,92239,Earn,20,12/04/2024 04:39
70021,3150,ONLINE,83593,Redeem,-84,13/03/2024 17:00
70022,3036,POS,94108,Adjust,11,17/01/2024 13:11
70023,3029,ONLINE,89771,Earn,45,30/01/2024 02:58
70024,3017,ONLINE,88669,Redeem,-58,18/04/2024 11:28
70025,3065,ONLINE,92592,Adjust,-20,21/01/2024 20:29
70026,3165,ONLINE,82591,Redeem,-24,23/02/2024 10:19
70027,3117,POS,88317,Earn,21,01/04/2024 03:05
70028,3028,POS,82504,Adjust,-1,26/04/2024 07:36
70029,3096,POS,89813,Earn,39,06/04/2024 13:09
70030,3083,ONLINE,94396,Redeem,-12,21/01/2024 08:45
70031,3079,POS,81403,Earn,8,13/02/2024 20:23
70032,3188,POS,82103,Redeem,-18,06/04/2024 23:25
70033,3169,ONLINE,88645,Redeem,-80,31/01/2024 01:27
70034,3156,POS,91680,Redeem,-37,08/04/2024 04:13
70035,3080,ONLINE,87177,Redeem,-95,28/04/2024 07:21
70036,3133,POS,81049,Redeem,-25,15/02/2024 03:06
70037,3087,POS,89641,Earn,42,10/04/2024 20:07
70038,3057,POS,83750,Earn,9,24/04/2024 21:19
70039,3018,POS,84562,Earn,26,13/01/2024 21:34
70040,3172,POS,91851,Redeem,-37,08/04/2024 03:56
70041,3147,ONLINE,93230,Adjust,10,14/02/2024 05:40
70042,3105,ONLINE,85804,Earn,11,18/01/2024 15:29
70043,3109,POS,80993,Redeem,-69,10/01/2024 20:40
70044,3104,POS,83139,Adjust,1,20/01/2024 21:24
70045,3049,ONLINE,83006,Adjust,8,26/01/2024 12:27
70046,3072,ONLINE,93238,Redeem,-41,14/01/2024 17:21
70047,3141,POS,81528,Earn,8,28/04/2024 17:15
70048,3193,ONLINE,87886,Earn,15,14/03/2024 23:39
70049,3055,ONLINE,80035,Redeem,-17,30/01/2024 23:18
70050,3100,ONLINE,91412,Redeem,-68,21/02/2024 22:16
70051,3188,POS,84861,Adjust,11,29/01/2024 04:19
70052,3056,POS,92254,Earn,42,08/04/2024 16:53
70053,3081,ONLINE,88238,Earn,8,16/04/2024 08:18
70054,3136,POS,93948,Earn,8,02/04/2024 10:44
70055,3048,POS,86615,Earn,43,13/01/2024 08:55
70056,3031,POS,90147,Adjust,-5,15/04/2024 09:20
70057,3021,ONLINE,84272,Redeem,-94,16/04/2024 06:06
70058,3053,ONLINE,86484,Adjust,0,13/02/2024 10:50
70059,3034,ONLINE,92318,Adjust,-1,24/03/2024 05:38
70060,3019,POS,81200,Earn,34,23/04/2024 01:53
70061,3138,POS,85718,Earn,37,18/02/2024 06:40
70062,3018,POS,87179,Earn,28,21/02/2024 21:07
70063,3140,POS,90942,Adjust,-1,21/04/2024 08:27
70064,3142,POS,84333,Redeem,-94,19/01/2024 20:34
70065,3030,ONLINE,84616,Earn,40,29/01/2024 07:09
70066,3155,POS,91263,Earn,50,03/03/2024 10:04
70067,3163,ONLINE,94833,Redeem,-74,29/03/2024 22:25
70068,3014,ONLINE,80722,Earn,45,18/03/2024 02:37
70069,3001,ONLINE,82647,Redeem,-26,25/04/2024 23:35
70070,3190,POS,81832,Redeem,-80,18/03/2024 20:35
70071,3020,POS,93674,Adjust,-11,09/04/2024 07:43
70072,3095,ONLINE,82088,Adjust,15,27/01/2024 23:01
70073,3011,ONLINE,83441,Redeem,-56,08/01/2024 06:18
70074,3175,ONLINE,92781,Earn,47,19/01/2024 17:06
70075,3144,POS,94165,Redeem,-89,29/01/2024 03:15
70076,3042,POS,92067,Earn,31,05/01/2024 12:17
70077,3086,ONLINE,82608,Redeem,-95,15/02/2024 04:15
70078,3180,ONLINE,83644,Earn,29,08/01/2024 01:11
70079,3052,POS,83652,Redeem,-54,25/02/2024 13:23
70080,3007,ONLINE,84564,Adjust,-8,13/03/2024 12:55
70081,3018,ONLINE,91133,Redeem,-54,26/04/2024 18:40
70082,3138,ONLINE,82925,Redeem,-13,21/01/2024 23:56
70083,3149,ONLINE,85663,Redeem,-14,20/01/2024 17:37
70084,3187,POS,86311,Redeem,-65,20/04/2024 08:34
70085,3148,ONLINE,80027,Earn,21,09/01/2024 01:55
70086,3134,ONLINE,81146,Adjust,-8,07/03/2024 07:18
70087,3171,POS,91792,Redeem,-89,27/02/2024 03:31
70088,3077,ONLINE,86592,Adjust,-1,15/03/2024 08:17
70089,3179,POS,86888,Redeem,-80,24/01/2024 04:07
70090,3171,ONLINE,86653,Redeem,-96,01/02/2024 16:20
70091,3141,POS,87043,Earn,24,22/02/2024 05:32
70092,3149,ONLINE,87244,Adjust,0,25/03/2024 15:33
70093,3173,POS,90794,Earn,37,27/03/2024 03:22
70094,3022,ONLINE,81530,Redeem,-75,25/04/2024 05:21
70095,3193,POS,93214,Earn,48,26/02/2024 12:14
70096,3051,POS,87784,Earn,6,09/01/2024 09:54
70097,3157,POS,91769,Earn,34,16/03/2024 10:43
70098,3179,POS,82417,Redeem,-73,13/03/2024 18:06
70099,3168,ONLINE,83585,Adjust,-20,20/01/2024 09:41
70100,3046,POS,89132,Adjust,13,25/03/2024 13:38
70101,3064,ONLINE,90937,Earn,34,25/01/2024 06:34
70102,3136,ONLINE,90037,Adjust,18,27/02/2024 18:17
70103,3185,ONLINE,94699,Adjust,7,09/04/2024 17:41
70104,3041,ONLINE,92317,Adjust,10,22/03/2024 22:23
70105,3064,ONLINE,90268,Adjust,-3,04/04/2024 21:35
70106,3062,ONLINE,83841,Redeem,-66,15/01/2024 02:31
70107,3070,POS,82267,Redeem,-50,08/04/2024 07:57
70108,3039,POS,81052,Earn,29,28/01/2024 19:36
70109,3107,ONLINE,86812,Redeem,-52,08/04/2024 18:42
70110,3016,POS,94036,Earn,31,11/03/2024 21:39
70111,3196,POS,85763,Adjust,4,27/03/2024 19:57
70112,3077,POS,87999,Redeem,-63,07/04/2024 23:31
70113,3057,POS,86371,Redeem,-65,29/03/2024 09:48
70114,3087,ONLINE,82091,Adjust,5,31/01/2024 01:05
70115,3160,POS,81375,Adjust,-19,12/03/2024 17:30
70116,3165,POS,80823,Redeem,-27,25/03/2024 01:11
70117,3067,ONLINE,85355,Redeem,-51,08/02/2024 12:45
70118,3087,ONLINE,93679,Redeem,-45,17/03/2024 17:50
70119,3021,POS,85733,Redeem,-12,08/04/2024 04:45
70120,3058,POS,92357,Adjust,-16,28/04/2024 15:33
70121,3008,POS,83908,Earn,17,04/01/2024 17:02
70122,3033,POS,87619,Redeem,-95,21/01/2024 19:46
70123,3180,POS,92743,Redeem,-57,31/01/2024 13:04
70124,3042,POS,85111,Redeem,-23,15/04/2024 08:18
70125,3148,POS,81245,Adjust,4,13/03/2024 05:00
70126,3152,POS,91422,Adjust,20,14/02/2024 05:01
70127,3198,POS,93045,Redeem,-97,19/04/2024 07:14
70128,3145,ONLINE,90838,Earn,27,06/04/2024 23:35
70129,3095,ONLINE,80207,Earn,37,27/04/2024 21:09
70130,3108,ONLINE,90413,Redeem,-23,19/03/2024 22:05
70131,3118,POS,92022,Adjust,-11,20/03/2024 06:40
70132,3134,ONLINE,87616,Adjust,-3,22/04/2024 02:57
70133,3112,ONLINE,93954,Adjust,17,18/02/2024 20:38
70134,3063,POS,92295,Earn,22,23/03/2024 01:35
70135,3119,ONLINE,80470,Adjust,19,09/03/2024 23:49
70136,3127,POS,85813,Redeem,-33,29/03/2024 18:08
70137,3067,ONLINE,89106,Redeem,-45,18/04/2024 12:38
70138,3003,POS,91797,Adjust,-8,16/01/2024 14:02
70139,3105,ONLINE,90582,Redeem,-81,13/02/2024 17:59
70140,3183,POS,84820,Redeem,-67,04/01/2024 03:20
70141,3057,ONLINE,90878,Redeem,-98,14/02/2024 07:00
70142,3149,ONLINE,86971,Redeem,-70,10/04/2024 18:09
70143,3191,ONLINE,84438,Adjust,1,05/03/2024 01:05
70144,3079,POS,85169,Redeem,-39,22/01/2024 23:09
70145,3031,POS,83545,Adjust,14,03/02/2024 16:55
70146,3190,ONLINE,81647,Redeem,-45,17/04/2024 07:56
70147,3050,POS,84952,Redeem,-39,06/03/2024 16:42
70148,3004,ONLINE,80745,Adjust,14,24/01/2024 01:02
70149,3014,ONLINE,81680,Adjust,-2,23/01/2024 23:43
70150,3004,ONLINE,87216,Adjust,-2,26/03/2024 10:49
70151,3088,ONLINE,81869,Earn,8,15/02/2024 23:05
70152,3017,POS,82485,Redeem,-72,14/01/2024 11:40
70153,3039,POS,81940,Adjust,-1,16/01/2024 12:09
70154,3143,POS,92708,Redeem,-87,18/04/2024 12:31
70155,3134,ONLINE,94092,Redeem,-67,21/03/2024 14:16
70156,3151,POS,89988,Redeem,-49,13/04/2024 12:22
70157,3190,POS,84335,Earn,18,23/04/2024 20:55
70158,3170,POS,89043,Earn,15,13/02/2024 15:59
70159,3020,ONLINE,91294,Earn,5,15/03/2024 08:50
70160,3153,POS,84720,Redeem,-47,06/01/2024 22:36
70161,3181,POS,91262,Redeem,-99,23/03/2024 15:41
70162,3060,POS,86965,Redeem,-90,17/04/2024 08:49
70163,3030,POS,94883,Adjust,-6,27/04/2024 21:33
70164,3069,POS,92986,Earn,9,11/01/2024 20:33
70165,3079,ONLINE,82037,Adjust,16,22/02/2024 12:57
70166,3120,ONLINE,88199,Adjust,-1,14/03/2024 06:35
70167,3139,POS,94572,Redeem,-66,15/01/2024 15:27
70168,3111,ONLINE,80423,Adjust,0,19/04/2024 21:39
70169,3024,POS,92529,Earn,48,14/04/2024 17:04
70170,3173,POS,87708,Redeem,-83,08/01/2024 07:46
70171,3133,POS,89590,Adjust,8,20/02/2024 15:17
70172,3112,ONLINE,85700,Adjust,11,17/01/2024 14:38
70173,3105,POS,85403,Redeem,-51,20/01/2024 01:00
70174,3106,ONLINE,93329,Adjust,11,22/02/2024 11:14
70175,3195,POS,85153,Adjust,-18,23/03/2024 19:09
70176,3065,POS,90775,Redeem,-24,14/03/2024 13:52
70177,3139,POS,88494,Redeem,-62,10/01/2024 20:49
70178,3093,ONLINE,92451,Adjust,11,23/04/2024 20:27
70179,3014,POS,84719,Earn,22,09/04/2024 23:34
70180,3113,POS,90322,Adjust,11,23/01/2024 02:31
70181,3156,ONLINE,89024,Earn,50,29/01/2024 19:57
70182,3004,POS,93785,Adjust,6,17/01/2024 23:14
70183,3030,POS,88165,Redeem,-25,27/04/2024 21:53
70184,3184,ONLINE,93676,Redeem,-75,19/02/2024 18:36
70185,3124,POS,86284,Redeem,-41,24/03/2024 03:43
70186,3049,POS,84526,Adjust,12,25/01/2024 20:24
70187,3198,ONLINE,93443,Redeem,-53,02/04/2024 10:20
70188,3001,ONLINE,94176,Redeem,-48,16/04/2024 20:22
70189,3039,ONLINE,85446,Redeem,-78,29/03/2024 04:07
70190,3142,ONLINE,94247,Adjust,4,23/03/2024 21:25
70191,3049,ONLINE,83826,Adjust,-5,14/04/2024 02:13
70192,3199,ONLINE,91554,Redeem,-15,27/02/2024 22:08
70193,3098,POS,88115,Redeem,-94,28/04/2024 16:42
70194,3010,ONLINE,94249,Earn,37,17/04/2024 10:32
70195,3026,ONLINE,80251,Redeem,-22,05/04/2024 17:54
70196,3185,POS,81225,Earn,31,29/04/2024 04:46
70197,3121,ONLINE,90646,Redeem,-53,23/04/2024 11:03
70198,3021,ONLINE,85188,Redeem,-96,07/04/2024 03:25
70199,3161,POS,90116,Adjust,11,08/04/2024 11:44
70200,3018,POS,92235,Earn,45,22/02/2024 07:34
70201,3024,POS,87269,Redeem,-22,25/04/2024 08:53
70202,3043,POS,85314,Adjust,-1,06/01/2024 06:28
70203,3015,ONLINE,82385,Redeem,-55,09/03/2024 05:42
70204,3063,POS,82785,Adjust,6,13/04/2024 00:34
70205,3045,POS,88153,Earn,44,10/03/2024 15:21
70206,3150,ONLINE,87529,Earn,19,24/03/2024 22:47
70207,3066,ONLINE,91101,Adjust,-20,25/03/2024 16:43
70208,3140,ONLINE,89626,Earn,9,21/03/2024 09:56
70209,3077,ONLINE,93849,Adjust,7,15/02/2024 12:41
70210,3078,POS,83886,Earn,29,28/03/2024 23:10
70211,3098,ONLINE,91456,Adjust,2,14/04/2024 15:23
70212,3076,ONLINE,80132,Earn,47,13/03/2024 01:18
70213,3145,ONLINE,93645,Adjust,-17,20/04/2024 09:25
70214,3074,POS,90430,Earn,43,05/03/2024 03:18
70215,3049,POS,90293,Adjust,-4,30/04/2024 00:00
70216,3025,ONLINE,80546,Adjust,-18,26/02/2024 05:44
70217,3149,ONLINE,85352,Redeem,-26,17/01/2024 09:47
70218,3192,POS,92886,Redeem,-32,06/02/2024 13:17
70219,3139,ONLINE,93606,Redeem,-77,01/04/2024 08:22
70220,3043,ONLINE,93176,Redeem,-71,23/02/2024 17:29
70221,3030,POS,94092,Redeem,-19,26/01/2024 14:58
70222,3174,ONLINE,81479,Adjust,5,11/04/2024 10:56
70223,3102,POS,87451,Earn,21,07/04/2024 16:19
70224,3095,ONLINE,93474,Adjust,-4,16/04/2024 09:58
70225,3164,ONLINE,80410,Redeem,-23,12/02/2024 13:35
70226,3159,POS,90611,Adjust,0,21/04/2024 01:29
70227,3017,ONLINE,81911,Adjust,9,25/02/2024 00:17
70228,3036,ONLINE,81902,Earn,7,25/02/2024 09:47
70229,3025,ONLINE,87432,Earn,39,25/01/2024 16:43
70230,3095,POS,94506,Adjust,14,17/03/2024 07:11
70231,3107,ONLINE,84583,Adjust,-14,30/03/2024 01:59
70232,3009,ONLINE,87285,Adjust,3,09/02/2024 13:15
70233,3061,ONLINE,80992,Redeem,-22,07/03/2024 20:54
70234,3102,ONLINE,81501,Redeem,-34,23/01/2024 05:43
70235,3170,POS,80828,Earn,46,26/04/2024 09:59
70236,3086,POS,81124,Earn,13,12/04/2024 18:40
70237,3196,POS,93321,Adjust,-7,16/04/2024 17:56
70238,3060,POS,84542,Redeem,-28,18/04/2024 11:53
70239,3038,POS,81801,Earn,39,15/02/2024 15:07
70240,3170,ONLINE,92943,Earn,13,03/01/2024 16:55
70241,3061,POS,84347,Adjust,0,03/01/2024 20:56
70242,3014,POS,92216,Earn,31,05/04/2024 18:30
70243,3017,POS,87405,Redeem,-67,06/03/2024 21:46
70244,3129,ONLINE,87504,Earn,44,08/01/2024 21:27
70245,3165,ONLINE,86984,Earn,8,28/03/2024 04:42
70246,3176,POS,94733,Earn,36,21/03/2024 17:57
70247,3021,POS,82067,Redeem,-87,28/01/2024 00:04
70248,3071,ONLINE,86240,Adjust,20,16/04/2024 13:29
70249,3153,ONLINE,81624,Adjust,-2,23/03/2024 14:18
70250,3180,POS,87046,Earn,46,28/04/2024 11:53
70251,3116,ONLINE,86532,Earn,31,02/03/2024 16:48
70252,3107,ONLINE,85120,Adjust,-14,26/02/2024 21:32
70253,3171,ONLINE,81099,Redeem,-57,28/01/2024 18:53
70254,3024,POS,92199,Earn,10,19/03/2024 14:53
70255,3190,POS,89608,Redeem,-26,11/04/2024 06:49
70256,3144,ONLINE,85793,Adjust,1,23/01/2024 06:02
70257,3171,ONLINE,85761,Redeem,-16,22/02/2024 08:40
70258,3027,POS,90759,Adjust,12,08/02/2024 17:28
70259,3124,ONLINE,81882,Earn,11,04/03/2024 17:40
70260,3196,ONLINE,93847,Redeem,-83,11/02/2024 04:06
70261,3144,POS,89977,Adjust,19,26/04/2024 23:59
70262,3169,POS,84477,Adjust,-3,06/01/2024 06:29
70263,3180,POS,82972,Redeem,-53,04/03/2024 21:38
70264,3037,POS,92140,Adjust,5,13/01/2024 16:01
70265,3163,POS,86163,Earn,10,06/04/2024 13:42
70266,3108,ONLINE,85105,Redeem,-53,29/01/2024 15:43
70267,3185,POS,94472,Redeem,-82,18/04/2024 12:56
70268,3014,POS,91042,Earn,15,22/04/2024 11:22
70269,3021,ONLINE,89946,Redeem,-66,18/03/2024 04:32
70270,3114,POS,85655,Redeem,-44,09/02/2024 05:50
70271,3111,ONLINE,88633,Earn,23,17/04/2024 23:26
70272,3171,ONLINE,89819,Redeem,-15,10/02/2024 03:27
70273,3015,POS,92572,Earn,18,24/02/2024 20:55
70274,3036,POS,80126,Redeem,-47,29/02/2024 17:35
70275,3128,POS,86229,Adjust,7,01/02/2024 23:37
70276,3137,ONLINE,81180,Adjust,-6,01/04/2024 01:40
70277,3102,POS,87532,Adjust,-18,20/03/2024 09:52
70278,3020,ONLINE,91624,Redeem,-83,19/03/2024 03:34
70279,3164,ONLINE,80341,Redeem,-47,21/01/2024 23:12
70280,3084,ONLINE,81443,Earn,44,24/03/2024 18:11
70281,3112,ONLINE,88584,Earn,20,20/03/2024 07:29
70282,3021,POS,85456,Redeem,-49,02/03/2024 19:21
70283,3200,POS,88693,Earn,9,02/04/2024 22:20
70284,3131,POS,83871,Earn,27,04/03/2024 21:58
70285,3027,POS,89869,Earn,21,05/02/2024 21:53
70286,3040,ONLINE,87601,Adjust,-16,02/02/2024 05:57
70287,3194,ONLINE,94159,Adjust,17,22/03/2024 17:17
70288,3161,POS,87682,Redeem,-29,21/03/2024 01:21
70289,3114,POS,85766,Adjust,-1,20/02/2024 00:04
70290,3130,ONLINE,80616,Earn,24,25/03/2024 01:23
70291,3015,POS,90076,Redeem,-46,14/01/2024 23:14
70292,3153,POS,87368,Adjust,4,25/03/2024 05:37
70293,3147,ONLINE,88214,Adjust,-8,28/02/2024 12:46
70294,3039,ONLINE,91703,Earn,33,19/01/2024 20:12
70295,3022,POS,91593,Adjust,-9,08/01/2024 03:00
70296,3113,POS,85962,Redeem,-77,05/04/2024 03:55
70297,3096,ONLINE,91123,Redeem,-59,15/03/2024 09:56
70298,3154,ONLINE,81079,Earn,45,27/04/2024 20:07
70299,3085,ONLINE,84128,Earn,40,11/03/2024 08:55
70300,3186,ONLINE,81335,Adjust,18,28/01/2024 08:59
70301,3150,ONLINE,90748,Adjust,-11,04/03/2024 16:23
70302,3179,POS,85072,Adjust,5,24/01/2024 11:23
70303,3144,POS,90979,Redeem,-92,29/02/2024 19:08
70304,3180,ONLINE,88331,Adjust,13,18/01/2024 00:18
70305,3093,POS,83509,Earn,28,26/02/2024 05:27
70306,3088,POS,82538,Redeem,-34,11/02/2024 05:46
70307,3020,POS,90845,Redeem,-22,02/04/2024 10:07
70308,3087,ONLINE,82527,Adjust,-12,18/04/2024 17:24
70309,3042,POS,91815,Earn,49,23/04/2024 17:31
70310,3113,POS,87277,Earn,31,07/03/2024 07:38
70311,3157,POS,85070,Redeem,-67,12/02/2024 14:22
70312,3121,ONLINE,87564,Earn,28,13/04/2024 20:12
70313,3197,ONLINE,82655,Redeem,-58,01/04/2024 13:13
70314,3052,POS,90505,Adjust,-12,15/02/2024 12:16
70315,3124,POS,84670,Redeem,-80,19/01/2024 16:13
70316,3022,POS,93615,Earn,22,22/03/2024 19:06
70317,3112,ONLINE,80436,Earn,19,23/03/2024 03:00
70318,3107,ONLINE,83862,Earn,30,01/04/2024 09:18
70319,3099,POS,85221,Earn,28,10/02/2024 21:01
70320,3026,POS,80627,Adjust,1,27/01/2024 14:05
70321,3074,ONLINE,87349,Redeem,-99,26/01/2024 06:23
70322,3158,ONLINE,83533,Earn,10,04/01/2024 11:01
70323,3039,ONLINE,81821,Adjust,18,06/04/2024 01:52
70324,3199,POS,80782,Redeem,-40,24/02/2024 19:44
70325,3062,ONLINE,81029,Redeem,-91,23/04/2024 09:06
70326,3029,POS,90353,Redeem,-86,07/04/2024 14:03
70327,3132,ONLINE,87032,Adjust,-5,27/01/2024 03:17
70328,3001,ONLINE,83068,Adjust,2,13/02/2024 19:02
70329,3171,ONLINE,81108,Adjust,-15,05/04/2024 07:08
70330,3135,POS,86397,Adjust,12,02/04/2024 09:50
70331,3121,ONLINE,84155,Earn,45,11/03/2024 10:18
70332,3192,ONLINE,83950,Earn,27,13/01/2024 07:10
70333,3188,ONLINE,82185,Adjust,20,19/01/2024 20:54
70334,3012,POS,93605,Redeem,-79,02/03/2024 15:08
70335,3200,POS,93295,Adjust,9,28/03/2024 02:44
70336,3035,POS,84807,Earn,50,24/03/2024 07:37
70337,3052,ONLINE,85080,Earn,17,08/01/2024 15:05
70338,3132,ONLINE,80599,Redeem,-79,27/03/2024 04:18
70339,3193,ONLINE,94125,Adjust,-8,22/02/2024 02:02
70340,3200,ONLINE,82039,Earn,46,01/03/2024 10:12
70341,3095,ONLINE,85554,Redeem,-61,21/03/2024 01:14
70342,3048,ONLINE,93062,Redeem,-98,31/03/2024 13:42
70343,3133,POS,87055,Redeem,-20,18/03/2024 06:40
70344,3155,ONLINE,81680,Earn,39,23/02/2024 11:29
70345,3021,ONLINE,87305,Redeem,-94,23/02/2024 19:40
70346,3155,ONLINE,85759,Adjust,7,31/01/2024 08:04
70347,3115,ONLINE,84498,Earn,27,21/04/2024 22:19
70348,3164,ONLINE,85952,Earn,9,26/04/2024 01:20
70349,3132,POS,93904,Adjust,-10,06/01/2024 16:03
70350,3156,POS,81101,Adjust,8,07/01/2024 08:02
70351,3061,ONLINE,89293,Adjust,3,06/03/2024 22:15
70352,3009,ONLINE,86095,Adjust,-11,22/03/2024 21:44
70353,3114,ONLINE,86521,Earn,41,26/01/2024 01:35
70354,3081,POS,80424,Adjust,-3,15/02/2024 10:34
70355,3189,ONLINE,94967,Earn,36,04/04/2024 06:03
70356,3144,ONLINE,83515,Earn,21,17/02/2024 09:13
70357,3157,POS,82009,Redeem,-98,30/03/2024 10:05
70358,3035,ONLINE,81438,Earn,33,01/02/2024 10:20
70359,3175,POS,89011,Redeem,-95,04/03/2024 05:55
70360,3139,POS,93003,Redeem,-48,29/01/2024 16:09
70361,3093,POS,92977,Adjust,-6,23/01/2024 02:14
70362,3036,ONLINE,89077,Earn,36,05/01/2024 18:50
70363,3147,POS,90026,Redeem,-69,10/04/2024 10:10
70364,3023,ONLINE,88612,Earn,24,13/03/2024 11:35
70365,3106,POS,85194,Redeem,-83,14/01/2024 10:13
70366,3165,ONLINE,82102,Earn,33,25/03/2024 19:15
70367,3200,POS,92579,Adjust,20,17/04/2024 00:04
70368,3034,POS,88488,Redeem,-74,11/01/2024 02:06
70369,3040,ONLINE,91621,Redeem,-31,30/01/2024 11:38
70370,3058,POS,84105,Redeem,-76,21/02/2024 17:01
70371,3051,POS,90240,Adjust,15,19/02/2024 23:05
70372,3078,POS,89696,Adjust,14,18/01/2024 00:11
70373,3149,ONLINE,93804,Earn,15,29/04/2024 22:02
70374,3145,POS,90509,Earn,6,15/01/2024 18:52
70375,3198,POS,92565,Adjust,-4,28/04/2024 12:49
70376,3147,POS,88159,Redeem,-89,26/04/2024 07:47
70377,3161,ONLINE,87912,Adjust,-2,26/04/2024 20:32
70378,3063,ONLINE,81195,Adjust,5,24/02/2024 03:30
70379,3177,ONLINE,87933,Earn,15,21/03/2024 00:39
70380,3119,POS,85121,Earn,26,20/04/2024 10:32
70381,3184,POS,92462,Redeem,-54,13/03/2024 14:01
70382,3095,ONLINE,83960,Adjust,15,20/01/2024 07:55
70383,3120,POS,82308,Earn,22,22/03/2024 20:18
70384,3025,ONLINE,84067,Earn,23,10/03/2024 22:22
70385,3041,POS,92502,Redeem,-83,26/02/2024 22:16
70386,3041,ONLINE,94402,Redeem,-75,25/03/2024 23:32
70387,3079,ONLINE,88281,Redeem,-12,17/01/2024 09:25
70388,3118,ONLINE,80797,Earn,18,16/04/2024 04:40
70389,3013,ONLINE,84681,Redeem,-73,18/04/2024 18:35
70390,3138,POS,94458,Earn,11,19/03/2024 10:45
70391,3068,ONLINE,80741,Adjust,3,14/03/2024 09:50
70392,3103,POS,85939,Earn,41,12/04/2024 06:36
70393,3142,ONLINE,92523,Redeem,-19,11/03/2024 07:59
70394,3141,POS,82108,Redeem,-89,21/04/2024 05:41
70395,3025,ONLINE,92369,Redeem,-57,02/03/2024 17:29
70396,3037,ONLINE,88193,Earn,43,02/04/2024 16:23
70397,3011,ONLINE,93172,Earn,7,25/01/2024 22:43
70398,3122,POS,85373,Adjust,9,28/01/2024 02:43
70399,3157,ONLINE,89727,Redeem,-30,12/03/2024 12:50
70400,3087,ONLINE,91611,Adjust,12,06/04/2024 21:49
70401,3145,ONLINE,85427,Redeem,-70,04/01/2024 00:41
70402,3173,ONLINE,93054,Earn,31,16/04/2024 06:14
70403,3186,ONLINE,84350,Adjust,20,05/01/2024 20:25
70404,3168,POS,89560,Adjust,16,11/02/2024 10:09
70405,3123,ONLINE,82421,Earn,38,24/04/2024 12:15
70406,3175,POS,83125,Earn,7,14/04/2024 05:35
70407,3005,POS,86765,Redeem,-50,17/03/2024 05:40
70408,3177,ONLINE,94300,Earn,31,01/04/2024 08:28
70409,3189,POS,89189,Adjust,-17,26/01/2024 03:17
70410,3084,ONLINE,85140,Adjust,10,05/04/2024 15:50
70411,3045,ONLINE,91073,Redeem,-78,03/03/2024 07:38
70412,3198,ONLINE,83150,Adjust,-4,21/04/2024 01:27
70413,3064,POS,84876,Redeem,-81,24/02/2024 08:09
70414,3198,ONLINE,85194,Redeem,-100,07/02/2024 17:36
70415,3123,ONLINE,81996,Redeem,-81,19/02/2024 18:45
70416,3147,ONLINE,93408,Adjust,14,10/03/2024 02:54
70417,3089,ONLINE,91700,Earn,23,08/01/2024 15:47
70418,3021,ONLINE,92244,Redeem,-66,29/04/2024 09:59
70419,3123,ONLINE,89208,Earn,17,08/04/2024 01:04
70420,3179,POS,83972,Redeem,-27,20/01/2024 21:13
70421,3013,POS,80860,Adjust,13,11/02/2024 01:58
70422,3026,POS,91160,Redeem,-52,26/03/2024 23:57
70423,3198,POS,86666,Earn,5,10/04/2024 04:31
70424,3168,POS,92384,Redeem,-71,28/04/2024 10:14
70425,3074,POS,94875,Redeem,-46,27/04/2024 13:58
70426,3197,POS,88767,Earn,46,14/04/2024 12:25
70427,3190,ONLINE,94454,Adjust,-18,01/02/2024 20:52
70428,3046,POS,92271,Earn,30,31/03/2024 04:21
70429,3075,POS,85489,Earn,5,24/02/2024 07:41
70430,3073,ONLINE,94569,Redeem,-92,08/04/2024 21:42
70431,3035,POS,93251,Adjust,9,19/02/2024 16:02
70432,3029,ONLINE,91773,Redeem,-30,24/03/2024 13:01
70433,3048,POS,82875,Earn,26,23/02/2024 16:58
70434,3157,ONLINE,81421,Adjust,5,18/03/2024 20:39
70435,3103,POS,87822,Adjust,-14,03/02/2024 15:19
70436,3083,ONLINE,83858,Earn,5,17/02/2024 11:23
70437,3115,POS,84285,Redeem,-52,24/02/2024 23:13
70438,3168,POS,90941,Redeem,-98,13/02/2024 00:25
70439,3031,ONLINE,91240,Redeem,-49,30/01/2024 01:48
70440,3129,ONLINE,86021,Adjust,-1,22/01/2024 08:59
70441,3158,ONLINE,82509,Earn,19,25/01/2024 07:34
70442,3117,ONLINE,91500,Adjust,18,09/03/2024 00:23
70443,3141,POS,91146,Redeem,-78,09/02/2024 18:15
70444,3194,ONLINE,88653,Adjust,-15,05/04/2024 15:58
70445,3181,POS,81011,Redeem,-19,12/04/2024 16:53
70446,3141,POS,82695,Adjust,-8,14/04/2024 06:10
70447,3084,POS,91745,Adjust,8,22/01/2024 03:51
70448,3150,ONLINE,93249,Redeem,-21,02/04/2024 21:51
70449,3015,ONLINE,87484,Redeem,-26,03/04/2024 10:24
70450,3145,ONLINE,91850,Earn,40,25/03/2024 04:09
70451,3006,POS,89475,Redeem,-42,01/01/2024 13:10
70452,3019,POS,88866,Earn,32,03/03/2024 17:16
70453,3016,ONLINE,86698,Earn,35,06/01/2024 18:39
70454,3047,ONLINE,86135,Earn,46,27/04/2024 13:53
70455,3098,POS,91185,Redeem,-58,09/03/2024 09:13
70456,3170,ONLINE,81943,Adjust,-12,28/04/2024 23:20
70457,3046,POS,91925,Adjust,5,06/04/2024 06:32
70458,3058,ONLINE,91034,Earn,6,24/02/2024 07:34
70459,3185,ONLINE,93489,Adjust,7,06/04/2024 20:03
70460,3059,POS,84516,Earn,34,04/03/2024 00:23
70461,3049,ONLINE,90074,Adjust,-13,06/01/2024 20:45
70462,3197,POS,81653,Earn,20,07/02/2024 12:23
70463,3153,POS,84009,Earn,33,18/04/2024 19:45
70464,3190,POS,88843,Earn,30,20/03/2024 21:51
70465,3056,ONLINE,83836,Earn,13,01/04/2024 17:33
70466,3188,ONLINE,83881,Adjust,0,15/04/2024 03:01
70467,3078,POS,86775,Earn,47,04/04/2024 21:22
70468,3077,POS,90256,Redeem,-17,11/04/2024 08:20
70469,3174,POS,85642,Redeem,-81,31/03/2024 05:24
70470,3165,ONLINE,91408,Adjust,4,05/04/2024 11:24
70471,3107,ONLINE,83012,Redeem,-29,24/02/2024 14:13
70472,3194,POS,84927,Adjust,10,13/02/2024 20:48
70473,3182,ONLINE,86824,Earn,34,11/01/2024 11:45
70474,3143,POS,84177,Adjust,-12,11/03/2024 17:01
70475,3053,ONLINE,93879,Redeem,-92,15/01/2024 09:27
70476,3095,POS,84398,Earn,39,04/02/2024 16:13
70477,3097,POS,94313,Adjust,18,19/04/2024 18:12
70478,3019,POS,87854,Earn,42,11/04/2024 17:39
70479,3054,POS,83113,Redeem,-48,03/01/2024 18:59
70480,3190,POS,86498,Earn,35,14/02/2024 03:54
70481,3062,ONLINE,87639,Adjust,0,21/02/2024 12:42
70482,3137,ONLINE,85892,Adjust,2,26/02/2024 03:31
70483,3132,ONLINE,92478,Redeem,-69,18/01/2024 22:49
70484,3082,ONLINE,80749,Earn,28,26/02/2024 23:10
70485,3145,ONLINE,89065,Earn,14,03/01/2024 22:51
70486,3150,POS,83214,Adjust,6,23/02/2024 17:42
70487,3085,POS,88180,Earn,29,13/04/2024 17:26
70488,3141,ONLINE,91854,Adjust,1,16/02/2024 20:16
70489,3165,POS,92005,Adjust,11,24/03/2024 21:23
70490,3091,ONLINE,83015,Earn,13,09/04/2024 11:53
70491,3139,POS,93747,Adjust,-17,05/04/2024 09:08
70492,3020,ONLINE,82252,Adjust,-17,02/01/2024 03:53
70493,3162,POS,83583,Earn,9,28/01/2024 11:51
70494,3130,ONLINE,90801,Redeem,-57,12/01/2024 00:06
70495,3125,ONLINE,80194,Earn,5,06/04/2024 21:16
70496,3005,ONLINE,80280,Adjust,-3,07/04/2024 12:40
70497,3129,POS,81578,Adjust,7,02/02/2024 15:13
70498,3135,ONLINE,93356,Earn,20,04/02/2024 22:33
70499,3091,ONLINE,86652,Redeem,-60,15/01/2024 09:14
70500,3118,ONLINE,91207,Adjust,-5,11/02/2024 02:47
70501,3021,ONLINE,86213,Adjust,-18,18/01/2024 00:30
70502,3097,POS,91515,Adjust,10,11/01/2024 05:10
70503,3044,ONLINE,89270,Earn,36,19/03/2024 23:46
70504,3025,POS,94766,Adjust,-18,11/02/2024 19:51
70505,3178,POS,81218,Adjust,10,19/02/2024 08:25
70506,3176,POS,82938,Redeem,-79,12/04/2024 14:00
70507,3081,POS,92324,Earn,18,16/04/2024 20:47
70508,3183,POS,89239,Redeem,-19,24/02/2024 11:33
70509,3062,ONLINE,86288,Adjust,4,08/04/2024 09:45
70510,3194,ONLINE,80879,Adjust,-12,15/01/2024 06:39
70511,3026,ONLINE,89915,Redeem,-39,14/01/2024 20:07
70512,3197,ONLINE,80485,Adjust,18,13/03/2024 05:13
70513,3163,POS,85829,Redeem,-67,30/03/2024 07:28
70514,3142,ONLINE,81404,Redeem,-65,03/02/2024 19:30
70515,3198,POS,81344,Adjust,-2,14/02/2024 20:45
70516,3069,POS,92118,Earn,29,25/04/2024 09:33
70517,3100,POS,80085,Redeem,-56,20/01/2024 09:31
70518,3079,POS,82170,Redeem,-56,19/02/2024 02:37
70519,3023,ONLINE,81692,Earn,32,22/03/2024 17:01
70520,3007,POS,89780,Earn,27,10/04/2024 21:25
70521,3154,ONLINE,86779,Redeem,-59,03/01/2024 05:55
70522,3100,POS,91228,Earn,40,14/02/2024 04:33
70523,3098,ONLINE,84397,Earn,13,18/02/2024 22:55
70524,3127,ONLINE,84521,Earn,9,31/01/2024 10:32
70525,3108,ONLINE,84123,Redeem,-71,15/01/2024 00:04
70526,3064,POS,87501,Adjust,20,31/03/2024 06:11
70527,3028,ONLINE,85443,Earn,24,02/01/2024 05:34
70528,3159,ONLINE,87055,Redeem,-52,21/03/2024 03:21
70529,3167,ONLINE,89883,Adjust,-12,24/02/2024 16:37
70530,3178,POS,86524,Earn,35,27/02/2024 04:41
70531,3082,ONLINE,89435,Redeem,-98,25/04/2024 05:11
70532,3063,ONLINE,85980,Redeem,-58,21/02/2024 00:39
70533,3030,POS,91169,Adjust,-8,17/04/2024 19:28
70534,3197,POS,87183,Adjust,-19,25/03/2024 00:51
70535,3075,ONLINE,82280,Adjust,-16,15/03/2024 11:34
70536,3163,POS,91718,Redeem,-40,15/02/2024 23:58
70537,3109,ONLINE,89539,Redeem,-19,22/03/2024 18:00
70538,3103,POS,92955,Adjust,12,17/03/2024 03:35
70539,3093,POS,81791,Adjust,14,18/04/2024 02:26
70540,3197,POS,90600,Earn,47,05/03/2024 15:03
70541,3157,ONLINE,92331,Earn,41,27/04/2024 10:11
70542,3085,POS,84239,Redeem,-23,02/01/2024 22:05
70543,3057,POS,87303,Adjust,13,11/04/2024 13:54
70544,3096,POS,85651,Redeem,-69,17/04/2024 03:35
70545,3007,ONLINE,81406,Redeem,-23,23/02/2024 18:45
70546,3030,ONLINE,85620,Adjust,-11,04/03/2024 09:52
70547,3117,ONLINE,87801,Earn,38,28/03/2024 21:56
70548,3025,ONLINE,81100,Redeem,-99,23/03/2024 08:46
70549,3077,POS,93912,Earn,50,21/01/2024 22:48
70550,3088,POS,88454,Adjust,-14,30/01/2024 22:04
70551,3045,ONLINE,87570,Adjust,-10,01/03/2024 06:06
70552,3060,POS,90493,Redeem,-90,03/02/2024 13:52
70553,3169,POS,87365,Redeem,-60,06/01/2024 07:32
70554,3152,POS,83371,Redeem,-59,01/01/2024 19:26
70555,3072,POS,93099,Adjust,-16,15/04/2024 02:28
70556,3138,POS,87496,Earn,28,29/02/2024 08:14
70557,3030,ONLINE,89780,Redeem,-95,30/03/2024 02:35
70558,3100,POS,85700,Adjust,5,16/04/2024 20:39
70559,3091,ONLINE,90067,Redeem,-89,01/02/2024 09:47
70560,3152,ONLINE,81931,Earn,48,25/01/2024 09:13
70561,3062,ONLINE,91361,Redeem,-24,03/02/2024 07:44
70562,3037,POS,89417,Adjust,4,17/03/2024 03:18
70563,3099,POS,89091,Redeem,-33,29/03/2024 14:17
70564,3043,POS,85154,Redeem,-46,26/01/2024 12:57
70565,3116,POS,87939,Adjust,-17,06/03/2024 08:39
70566,3035,ONLINE,86703,Earn,29,12/04/2024 05:35
70567,3176,ONLINE,82740,Redeem,-63,21/03/2024 19:13
70568,3022,ONLINE,80535,Adjust,-19,10/02/2024 03:30
70569,3071,POS,92791,Earn,39,22/02/2024 13:13
70570,3118,POS,89383,Adjust,11,10/04/2024 01:47
70571,3030,POS,92451,Redeem,-79,07/03/2024 18:50
70572,3185,ONLINE,81677,Redeem,-79,09/02/2024 18:49
70573,3189,POS,87368,Adjust,-5,24/02/2024 04:42
70574,3068,POS,92707,Redeem,-21,20/03/2024 22:19
70575,3061,ONLINE,82719,Earn,42,04/03/2024 19:55
70576,3158,POS,89340,Earn,18,07/02/2024 16:08
70577,3090,POS,85302,Adjust,-3,18/04/2024 15:42
70578,3181,ONLINE,94057,Redeem,-47,14/04/2024 06:19
70579,3132,ONLINE,80971,Adjust,-14,25/01/2024 16:23
70580,3071,POS,82396,Adjust,-12,25/01/2024 03:44
70581,3183,ONLINE,82329,Redeem,-41,12/03/2024 11:44
70582,3148,ONLINE,86146,Adjust,-3,24/04/2024 06:57
70583,3116,ONLINE,88447,Earn,45,17/01/2024 22:44
70584,3192,ONLINE,87996,Redeem,-98,08/03/2024 04:29
70585,3084,ONLINE,90401,Adjust,-20,17/01/2024 22:56
70586,3171,ONLINE,83568,Adjust,2,12/01/2024 12:41
70587,3110,ONLINE,93571,Earn,36,18/02/2024 21:15
70588,3073,POS,89275,Redeem,-80,15/04/2024 05:01
70589,3125,POS,81631,Redeem,-97,09/01/2024 19:30
70590,3161,POS,87230,Redeem,-12,23/01/2024 14:48
70591,3117,POS,94453,Earn,32,06/02/2024 19:56
70592,3167,POS,90724,Redeem,-30,19/02/2024 21:12
70593,3093,POS,80848,Redeem,-20,08/03/2024 16:36
70594,3102,ONLINE,90739,Adjust,-1,12/02/2024 14:59
70595,3024,POS,87812,Adjust,-14,01/01/2024 04:44
70596,3020,ONLINE,80152,Earn,42,11/02/2024 04:14
70597,3003,ONLINE,91371,Adjust,1,22/01/2024 22:52
70598,3034,ONLINE,81463,Redeem,-19,11/02/2024 16:17
70599,3188,ONLINE,94434,Earn,11,27/02/2024 01:03
70600,3077,POS,81120,Earn,29,25/01/2024 05:43
70601,3136,POS,87210,Adjust,-20,21/04/2024 02:31
70602,3090,POS,86745,Adjust,-7,24/04/2024 08:07
70603,3158,POS,94689,Adjust,8,09/02/2024 13:09
70604,3026,ONLINE,85759,Earn,12,17/04/2024 07:53
70605,3110,ONLINE,90561,Redeem,-27,15/02/2024 02:35
70606,3022,ONLINE,92762,Earn,40,19/04/2024 09:48
70607,3177,POS,88482,Earn,47,24/02/2024 21:55
70608,3156,ONLINE,90586,Adjust,-8,12/03/2024 07:35
70609,3014,POS,83949,Earn,36,11/03/2024 05:57
70610,3128,POS,85916,Adjust,18,13/01/2024 22:15
70611,3082,ONLINE,85986,Earn,29,13/04/2024 11:17
70612,3140,POS,80273,Adjust,-9,26/03/2024 17:53
70613,3151,POS,80652,Earn,5,17/02/2024 17:30
70614,3016,ONLINE,86939,Redeem,-74,22/02/2024 03:41
70615,3180,POS,84546,Redeem,-20,26/04/2024 14:33
70616,3022,POS,93239,Redeem,-20,03/04/2024 01:55
70617,3040,POS,85081,Adjust,0,12/03/2024 03:07
70618,3179,POS,81412,Redeem,-40,11/01/2024 12:59
70619,3112,POS,85067,Earn,34,21/04/2024 11:09
70620,3171,POS,91598,Adjust,-9,22/01/2024 17:51
70621,3036,ONLINE,85680,Adjust,-20,30/01/2024 19:47
70622,3134,ONLINE,82079,Adjust,-4,31/01/2024 09:28
70623,3192,ONLINE,93223,Redeem,-25,06/01/2024 08:15
70624,3110,ONLINE,91670,Redeem,-77,12/01/2024 15:03
70625,3148,ONLINE,88368,Adjust,-16,31/03/2024 07:42
70626,3093,POS,86024,Earn,36,13/04/2024 04:45
70627,3041,POS,83742,Redeem,-23,14/04/2024 11:27
70628,3190,POS,84006,Adjust,-20,09/01/2024 00:24
70629,3012,POS,82932,Redeem,-56,10/03/2024 17:15
70630,3010,ONLINE,84067,Adjust,6,10/02/2024 20:55
70631,3107,POS,89364,Adjust,0,19/02/2024 09:08
70632,3096,POS,83656,Earn,37,10/01/2024 14:07
70633,3133,ONLINE,94189,Earn,30,13/01/2024 13:08
70634,3073,ONLINE,80130,Redeem,-51,16/01/2024 17:25
70635,3095,ONLINE,92117,Earn,23,12/04/2024 15:18
70636,3160,ONLINE,92658,Earn,34,08/03/2024 01:00
70637,3199,POS,80104,Earn,39,14/02/2024 14:58
70638,3105,ONLINE,90419,Earn,19,08/04/2024 14:02
70639,3178,ONLINE,93910,Earn,26,01/01/2024 06:23
70640,3189,POS,88680,Adjust,-1,19/01/2024 22:09
70641,3061,POS,91659,Redeem,-72,11/01/2024 21:41
70642,3072,ONLINE,91482,Earn,7,12/02/2024 03:19
70643,3096,POS,88280,Redeem,-20,15/04/2024 17:25
70644,3035,POS,87126,Adjust,5,14/01/2024 14:56
70645,3170,ONLINE,93941,Earn,20,23/02/2024 02:21
70646,3081,ONLINE,87417,Redeem,-99,29/02/2024 09:24
70647,3070,POS,92778,Earn,9,06/02/2024 21:39
70648,3198,POS,82693,Adjust,-14,29/01/2024 06:59
70649,3116,POS,88780,Redeem,-50,15/03/2024 00:04
70650,3092,ONLINE,84341,Earn,33,26/02/2024 03:01
70651,3031,POS,83522,Earn,15,25/02/2024 09:08
70652,3084,ONLINE,86492,Earn,10,15/02/2024 04:29
70653,3132,ONLINE,93436,Earn,48,24/02/2024 09:39
70654,3045,POS,81551,Earn,30,23/03/2024 07:41
70655,3119,POS,81010,Earn,13,23/01/2024 02:38
70656,3200,ONLINE,86098,Earn,13,06/02/2024 01:39
70657,3176,ONLINE,93316,Adjust,-15,16/04/2024 00:12
70658,3020,ONLINE,93259,Earn,9,05/02/2024 23:59
70659,3033,POS,87552,Earn,26,23/01/2024 07:19
70660,3013,ONLINE,88128,Earn,41,19/03/2024 20:29
70661,3008,POS,85799,Redeem,-97,18/03/2024 16:07
70662,3055,ONLINE,94474,Earn,22,20/02/2024 22:42
70663,3039,POS,90605,Earn,44,22/04/2024 17:13
70664,3076,ONLINE,80999,Redeem,-62,10/04/2024 05:59
70665,3023,ONLINE,83267,Redeem,-59,25/01/2024 23:35
70666,3165,POS,86266,Adjust,-5,24/04/2024 19:48
70667,3183,ONLINE,85636,Redeem,-71,09/04/2024 03:02
70668,3145,ONLINE,82946,Adjust,0,11/03/2024 16:51
70669,3007,POS,94676,Redeem,-86,09/02/2024 20:54
70670,3200,ONLINE,92563,Redeem,-17,26/03/2024 20:49
70671,3150,POS,90762,Earn,15,19/01/2024 05:29
70672,3062,POS,89432,Redeem,-78,11/01/2024 04:16
70673,3100,POS,89707,Redeem,-32,02/02/2024 01:23
70674,3082,POS,91525,Adjust,2,17/04/2024 16:34
70675,3180,POS,89225,Redeem,-82,12/04/2024 14:26
70676,3049,POS,88035,Redeem,-79,26/02/2024 06:16
70677,3010,POS,80326,Earn,8,12/02/2024 08:20
70678,3135,POS,93212,Redeem,-10,01/03/2024 09:22
70679,3034,POS,80359,Redeem,-32,28/02/2024 21:46
70680,3038,ONLINE,81188,Adjust,-11,21/01/2024 04:37
70681,3096,POS,85514,Adjust,5,16/04/2024 16:20
70682,3078,ONLINE,92973,Redeem,-27,29/01/2024 16:08
70683,3164,POS,91586,Redeem,-93,27/02/2024 18:13
70684,3144,POS,90904,Adjust,19,05/03/2024 22:59
70685,3151,ONLINE,82086,Earn,29,25/02/2024 20:31
70686,3046,ONLINE,93938,Adjust,-20,14/04/2024 06:45
70687,3198,ONLINE,93251,Adjust,-18,03/02/2024 03:31
70688,3157,POS,88129,Earn,45,12/04/2024 22:55
70689,3037,ONLINE,85234,Redeem,-19,13/02/2024 07:49
70690,3043,ONLINE,87317,Adjust,-15,26/04/2024 08:16
70691,3003,POS,85742,Redeem,-36,15/02/2024 10:15
70692,3066,ONLINE,87179,Earn,5,09/01/2024 18:21
70693,3188,ONLINE,94446,Redeem,-31,16/03/2024 08:52
70694,3097,POS,93579,Redeem,-79,09/03/2024 07:55
70695,3123,ONLINE,81207,Adjust,-6,30/01/2024 14:39
70696,3009,ONLINE,81715,Redeem,-12,28/02/2024 00:29
70697,3019,POS,91992,Redeem,-31,09/03/2024 08:24
70698,3020,ONLINE,91542,Adjust,-15,02/03/2024 12:31
70699,3008,ONLINE,82573,Redeem,-93,31/01/2024 00:53
70700,3014,POS,86705,Earn,26,07/02/2024 10:03
70701,3179,ONLINE,84872,Adjust,14,18/02/2024 06:57
70702,3061,ONLINE,82516,Earn,8,12/03/2024 12:36
70703,3014,POS,84825,Redeem,-10,18/03/2024 20:14
70704,3170,POS,81589,Adjust,18,28/03/2024 10:35
70705,3007,ONLINE,81342,Earn,15,26/04/2024 04:17
70706,3122,ONLINE,88013,Earn,24,13/03/2024 08:33
70707,3170,ONLINE,83029,Redeem,-21,26/04/2024 20:21
70708,3095,ONLINE,80731,Redeem,-57,03/02/2024 23:11
70709,3068,POS,93714,Redeem,-69,17/02/2024 22:48
70710,3069,POS,81404,Adjust,-17,28/01/2024 12:17
70711,3172,POS,89070,Redeem,-79,16/03/2024 08:44
70712,3016,ONLINE,89383,Redeem,-76,17/03/2024 05:01
70713,3061,ONLINE,94791,Redeem,-48,15/01/2024 08:57
70714,3183,POS,81970,Earn,37,13/04/2024 23:41
70715,3194,POS,93245,Redeem,-32,31/01/2024 10:21
70716,3050,POS,91192,Earn,7,18/03/2024 01:45
70717,3112,ONLINE,85238,Earn,45,27/01/2024 22:05
70718,3187,ONLINE,89044,Earn,10,11/03/2024 15:37
70719,3084,POS,92886,Redeem,-76,24/03/2024 09:43
70720,3180,ONLINE,81843,Adjust,17,05/04/2024 03:06
70721,3107,POS,81730,Earn,14,13/04/2024 03:29
70722,3145,ONLINE,94383,Earn,23,07/04/2024 12:13
70723,3106,ONLINE,89372,Redeem,-59,29/04/2024 04:48
70724,3156,ONLINE,86602,Redeem,-14,01/02/2024 08:21
70725,3037,POS,86484,Adjust,18,14/03/2024 03:08
70726,3085,ONLINE,84400,Adjust,-5,09/01/2024 23:21
70727,3096,ONLINE,84593,Earn,26,25/02/2024 04:04
70728,3126,POS,84923,Adjust,-14,11/02/2024 11:57
70729,3191,ONLINE,89911,Redeem,-51,19/02/2024 01:06
70730,3166,POS,94965,Earn,17,21/03/2024 09:53
70731,3105,ONLINE,93451,Adjust,11,04/04/2024 00:37
70732,3015,ONLINE,91625,Adjust,-10,12/01/2024 22:41
70733,3130,POS,82846,Redeem,-27,05/04/2024 10:38
70734,3050,POS,87478,Earn,8,15/02/2024 10:02
70735,3013,ONLINE,86035,Redeem,-100,06/02/2024 05:55
70736,3119,POS,91160,Adjust,5,25/04/2024 16:08
70737,3008,ONLINE,82909,Earn,28,29/03/2024 23:32
70738,3122,ONLINE,82679,Adjust,15,04/03/2024 16:07
70739,3067,POS,86333,Adjust,-15,21/02/2024 21:29
70740,3013,POS,90606,Earn,41,09/02/2024 00:22
70741,3058,ONLINE,88409,Adjust,-7,18/02/2024 23:38
70742,3006,POS,90606,Adjust,-20,27/03/2024 07:21
70743,3045,ONLINE,89967,Adjust,-20,10/02/2024 17:39
70744,3079,ONLINE,93952,Adjust,-3,18/03/2024 03:38
70745,3090,ONLINE,84950,Redeem,-42,09/02/2024 17:22
70746,3174,POS,80120,Adjust,19,13/03/2024 07:11
70747,3131,ONLINE,84890,Adjust,3,12/04/2024 05:02
70748,3176,ONLINE,84529,Earn,35,12/01/2024 14:54
70749,3164,ONLINE,83086,Redeem,-45,17/02/2024 12:58
70750,3039,ONLINE,90822,Adjust,-5,11/01/2024 08:03
70751,3082,ONLINE,84843,Adjust,-12,05/01/2024 15:12
70752,3067,POS,89552,Redeem,-61,11/03/2024 16:23
70753,3182,POS,91244,Adjust,-8,03/03/2024 11:19
70754,3137,ONLINE,93851,Adjust,10,06/03/2024 06:17
70755,3044,ONLINE,81599,Adjust,15,02/02/2024 23:23
70756,3121,POS,91136,Earn,21,11/04/2024 18:26
70757,3086,ONLINE,83659,Adjust,-15,10/02/2024 11:02
70758,3191,ONLINE,84269,Redeem,-63,01/03/2024 07:32
70759,3150,ONLINE,80879,Redeem,-69,22/01/2024 10:35
70760,3163,POS,87736,Adjust,17,22/04/2024 23:40
70761,3050,ONLINE,86768,Adjust,-13,10/03/2024 11:32
70762,3014,ONLINE,86704,Earn,13,06/02/2024 11:06
70763,3146,POS,92762,Redeem,-28,27/02/2024 14:18
70764,3021,POS,85134,Redeem,-52,24/04/2024 21:01
70765,3163,ONLINE,83430,Earn,5,23/03/2024 07:03
70766,3195,ONLINE,92864,Earn,41,29/01/2024 20:12
70767,3196,ONLINE,90379,Earn,13,21/04/2024 20:42
70768,3110,ONLINE,80076,Redeem,-64,27/03/2024 21:47
70769,3010,POS,94614,Adjust,-8,08/03/2024 22:06
70770,3083,POS,90267,Adjust,-8,04/01/2024 06:16
70771,3188,ONLINE,82112,Earn,19,03/03/2024 16:29
70772,3027,ONLINE,82736,Redeem,-74,17/04/2024 03:56
70773,3017,ONLINE,91924,Earn,24,22/02/2024 22:38
70774,3134,ONLINE,94548,Adjust,13,02/03/2024 12:01
70775,3176,ONLINE,92289,Earn,26,30/03/2024 05:37
70776,3049,POS,83675,Earn,30,04/01/2024 11:33
70777,3187,POS,82017,Earn,18,04/01/2024 23:44
70778,3094,ONLINE,92636,Adjust,-18,09/03/2024 07:14
70779,3137,POS,90845,Adjust,-17,18/04/2024 02:53
70780,3028,POS,86828,Adjust,-19,09/01/2024 18:44
70781,3114,ONLINE,87772,Redeem,-25,09/04/2024 15:06
70782,3180,POS,84933,Earn,18,24/04/2024 17:52
70783,3108,ONLINE,90203,Adjust,-14,04/04/2024 17:15
70784,3156,POS,88381,Adjust,-12,17/03/2024 05:52
70785,3185,POS,92857,Adjust,-13,21/02/2024 11:09
70786,3028,POS,92746,Redeem,-35,20/04/2024 20:46
70787,3068,ONLINE,84839,Adjust,-8,06/03/2024 03:47
70788,3042,POS,91275,Earn,40,31/03/2024 08:36
70789,3124,POS,91004,Redeem,-40,01/01/2024 11:57
70790,3023,POS,81475,Earn,41,30/03/2024 22:46
70791,3200,ONLINE,90556,Adjust,-16,19/01/2024 10:32
70792,3060,ONLINE,80820,Redeem,-47,18/02/2024 01:58
70793,3026,ONLINE,93133,Earn,7,22/02/2024 21:30
70794,3174,POS,93946,Redeem,-64,22/01/2024 02:22
70795,3195,POS,85384,Earn,5,26/01/2024 04:39
70796,3092,POS,86105,Redeem,-89,18/02/2024 20:15
70797,3088,ONLINE,87479,Earn,12,13/03/2024 23:01
70798,3070,ONLINE,90630,Redeem,-98,28/03/2024 01:29
70799,3043,POS,81699,Earn,13,11/01/2024 16:13
70800,3107,ONLINE,82969,Adjust,10,13/04/2024 13:45
70801,3157,POS,94132,Redeem,-55,21/04/2024 07:03
70802,3176,ONLINE,81850,Adjust,-12,28/03/2024 22:36
70803,3106,ONLINE,90731,Redeem,-15,12/01/2024 12:43
70804,3081,POS,90974,Earn,50,05/04/2024 12:57
70805,3087,POS,87091,Adjust,13,22/04/2024 13:07
70806,3170,ONLINE,90874,Adjust,-5,28/03/2024 17:34
70807,3174,POS,80190,Adjust,4,28/01/2024 01:28
70808,3165,ONLINE,94244,Earn,37,26/03/2024 10:21
70809,3043,POS,85421,Earn,36,28/02/2024 08:52
70810,3072,ONLINE,86607,Earn,37,10/02/2024 13:01
70811,3061,ONLINE,81442,Earn,34,21/03/2024 20:41
70812,3128,ONLINE,92209,Redeem,-50,22/01/2024 14:38
70813,3168,ONLINE,80587,Earn,11,14/03/2024 10:39
70814,3143,ONLINE,94583,Adjust,-20,17/01/2024 13:07
70815,3131,ONLINE,85584,Adjust,-7,29/04/2024 03:58
70816,3094,ONLINE,89177,Earn,19,23/03/2024 17:33
70817,3197,ONLINE,91729,Adjust,18,27/03/2024 03:09
70818,3116,POS,80035,Earn,11,29/04/2024 22:49
70819,3088,ONLINE,91503,Redeem,-91,23/02/2024 03:41
70820,3028,POS,93465,Earn,15,30/03/2024 15:25
70821,3184,ONLINE,90008,Adjust,6,20/01/2024 11:19
70822,3051,POS,87488,Earn,12,12/03/2024 12:35
70823,3049,ONLINE,80761,Adjust,1,20/01/2024 14:50
70824,3163,ONLINE,87493,Adjust,17,23/01/2024 10:21
70825,3169,ONLINE,80071,Adjust,12,25/01/2024 12:14
70826,3136,ONLINE,93743,Adjust,-17,10/04/2024 17:04
70827,3150,POS,91968,Redeem,-75,02/02/2024 06:12
70828,3033,ONLINE,88259,Earn,29,29/04/2024 16:45
70829,3099,ONLINE,86518,Redeem,-87,15/02/2024 04:34
70830,3088,POS,86762,Redeem,-67,25/01/2024 06:42
70831,3155,ONLINE,91663,Adjust,12,24/02/2024 09:58
70832,3189,POS,83435,Adjust,20,09/02/2024 13:35
70833,3160,POS,91639,Adjust,-2,03/03/2024 20:36
70834,3167,ONLINE,91638,Earn,37,08/04/2024 18:10
70835,3030,ONLINE,91046,Redeem,-81,28/03/2024 10:46
70836,3192,POS,88564,Adjust,-2,17/03/2024 21:26
70837,3028,POS,90981,Earn,29,27/01/2024 10:56
70838,3015,ONLINE,91196,Earn,22,30/01/2024 07:08
70839,3065,POS,92346,Earn,8,23/02/2024 17:29
70840,3139,POS,90094,Earn,27,23/03/2024 09:24
70841,3173,ONLINE,83892,Adjust,15,10/02/2024 20:00
70842,3131,ONLINE,86349,Adjust,-2,09/01/2024 13:15
70843,3107,POS,80212,Adjust,0,10/04/2024 12:16
70844,3191,ONLINE,93598,Redeem,-35,22/04/2024 23:16
70845,3058,POS,92716,Adjust,3,17/04/2024 02:41
70846,3186,POS,91184,Earn,23,22/03/2024 16:54
70847,3020,POS,86180,Earn,16,03/04/2024 13:01
70848,3011,ONLINE,82131,Redeem,-45,11/04/2024 07:48
70849,3042,ONLINE,87640,Adjust,-4,02/01/2024 00:39
70850,3182,ONLINE,89779,Earn,7,28/01/2024 23:32
70851,3014,ONLINE,92941,Adjust,19,24/02/2024 19:45
70852,3147,ONLINE,88608,Adjust,2,14/01/2024 06:25
70853,3057,POS,86814,Earn,38,13/01/2024 09:52
70854,3140,ONLINE,83624,Adjust,5,17/01/2024 17:42
70855,3055,ONLINE,84809,Adjust,1,01/03/2024 06:27
70856,3056,POS,81879,Adjust,13,27/03/2024 10:40
70857,3172,POS,80653,Redeem,-67,13/02/2024 18:05
70858,3175,ONLINE,84203,Redeem,-58,21/01/2024 15:20
70859,3139,ONLINE,88426,Adjust,-2,05/01/2024 11:56
70860,3131,ONLINE,94717,Redeem,-72,08/01/2024 23:35
70861,3167,POS,81572,Earn,25,03/04/2024 13:14
70862,3043,POS,83453,Adjust,14,02/01/2024 08:01
70863,3172,POS,83368,Adjust,-7,18/03/2024 05:23
70864,3138,POS,92237,Adjust,7,27/04/2024 16:52
70865,3176,ONLINE,80620,Earn,6,24/03/2024 14:23
70866,3023,ONLINE,89143,Earn,8,02/02/2024 09:39
70867,3019,ONLINE,86357,Adjust,-6,17/02/2024 02:03
70868,3116,ONLINE,80276,Adjust,5,19/03/2024 19:54
70869,3100,POS,90509,Adjust,-13,07/04/2024 08:43
70870,3185,POS,91483,Adjust,-16,16/04/2024 14:33
70871,3019,ONLINE,92892,Redeem,-74,20/01/2024 07:42
70872,3176,ONLINE,92538,Redeem,-87,16/01/2024 17:56
70873,3113,ONLINE,82561,Redeem,-60,06/01/2024 14:39
70874,3137,ONLINE,90388,Earn,13,12/03/2024 04:16
70875,3037,ONLINE,80182,Redeem,-96,27/04/2024 22:53
70876,3142,POS,80082,Adjust,-11,23/01/2024 10:25
70877,3147,POS,84992,Adjust,5,07/04/2024 18:51
70878,3054,ONLINE,94837,Adjust,2,08/02/2024 13:05
70879,3166,POS,83617,Adjust,-11,30/01/2024 07:13
70880,3158,POS,90993,Redeem,-34,21/01/2024 20:47
70881,3146,POS,84762,Earn,40,24/03/2024 23:17
70882,3172,POS,91888,Earn,21,18/01/2024 21:03
70883,3149,POS,90998,Redeem,-52,06/03/2024 00:21
70884,3168,POS,94747,Earn,11,21/02/2024 21:46
70885,3050,ONLINE,90098,Redeem,-72,23/03/2024 00:54
70886,3169,POS,89266,Redeem,-98,16/04/2024 08:16
70887,3146,POS,80079,Redeem,-50,18/03/2024 23:18
70888,3081,ONLINE,84533,Earn,19,26/04/2024 15:51
70889,3093,ONLINE,87583,Earn,48,01/03/2024 08:37
70890,3115,POS,82879,Redeem,-49,29/03/2024 15:36
70891,3166,POS,94603,Adjust,-15,21/02/2024 02:01
70892,3138,POS,91918,Earn,21,24/04/2024 01:44
70893,3020,POS,93314,Earn,37,24/04/2024 23:37
70894,3149,POS,94848,Adjust,5,17/04/2024 09:54
70895,3010,ONLINE,90713,Adjust,-4,08/04/2024 22:27
70896,3199,POS,94605,Earn,28,12/03/2024 10:51
70897,3198,ONLINE,88210,Adjust,-2,25/01/2024 08:56
70898,3131,POS,90857,Earn,30,07/03/2024 05:45
70899,3062,POS,87310,Adjust,-10,03/04/2024 14:17
70900,3041,POS,92057,Earn,41,13/04/2024 00:04
70901,3188,POS,92475,Redeem,-55,08/01/2024 08:35
70902,3125,ONLINE,83834,Earn,9,18/02/2024 02:59
70903,3011,ONLINE,86358,Adjust,-7,04/04/2024 06:40
70904,3121,ONLINE,81691,Redeem,-15,08/01/2024 06:20
70905,3181,ONLINE,89480,Adjust,20,19/02/2024 18:55
70906,3140,ONLINE,85985,Adjust,-9,09/03/2024 13:39
70907,3151,ONLINE,86165,Adjust,-16,04/04/2024 01:20
70908,3058,ONLINE,87976,Adjust,5,05/03/2024 05:50
70909,3124,POS,87207,Adjust,-20,01/04/2024 08:33
70910,3043,ONLINE,83465,Earn,9,03/04/2024 16:03
70911,3039,POS,90831,Earn,15,06/03/2024 22:34
70912,3059,ONLINE,91062,Redeem,-52,21/01/2024 15:11
70913,3123,POS,90604,Redeem,-36,17/04/2024 13:12
70914,3106,POS,89396,Earn,20,08/01/2024 20:30
70915,3152,POS,94594,Earn,13,24/04/2024 14:30
70916,3147,ONLINE,82949,Earn,8,31/01/2024 06:45
70917,3133,POS,94393,Redeem,-86,12/04/2024 14:25
70918,3185,POS,87359,Adjust,-2,16/01/2024 14:38
70919,3156,POS,93604,Redeem,-71,01/02/2024 01:13
70920,3106,POS,90210,Adjust,-11,16/04/2024 01:37
70921,3169,ONLINE,87429,Adjust,-4,31/01/2024 12:47
70922,3153,ONLINE,86315,Adjust,-16,11/02/2024 20:04
70923,3034,ONLINE,93541,Earn,6,06/02/2024 20:04
70924,3039,ONLINE,94771,Adjust,-14,02/02/2024 07:10
70925,3158,POS,81526,Adjust,-18,06/04/2024 17:51
70926,3124,POS,94695,Adjust,-12,19/04/2024 20:37
70927,3199,ONLINE,86068,Adjust,7,05/04/2024 00:50
70928,3012,POS,93144,Adjust,13,19/03/2024 02:08
70929,3124,POS,86971,Redeem,-54,17/04/2024 05:35
70930,3035,POS,84641,Redeem,-71,12/02/2024 07:51
70931,3154,POS,80089,Adjust,6,16/02/2024 22:22
70932,3182,POS,88515,Adjust,-20,15/04/2024 05:15
70933,3002,ONLINE,86698,Redeem,-93,07/02/2024 09:29
70934,3093,ONLINE,84281,Earn,14,18/03/2024 13:32
70935,3138,ONLINE,91151,Redeem,-82,07/03/2024 13:31
70936,3102,ONLINE,82928,Earn,31,10/04/2024 12:10
70937,3095,ONLINE,85024,Adjust,15,29/03/2024 01:34
70938,3148,POS,94008,Redeem,-100,13/03/2024 11:27
70939,3169,POS,81642,Earn,19,22/03/2024 07:12
70940,3055,POS,82633,Adjust,5,02/03/2024 14:39
70941,3100,POS,87727,Adjust,-20,17/01/2024 13:58
70942,3154,ONLINE,83633,Redeem,-21,12/01/2024 15:58
70943,3095,ONLINE,86564,Earn,43,07/01/2024 20:57
70944,3158,POS,92674,Adjust,13,22/02/2024 03:36
70945,3045,POS,83304,Adjust,11,20/03/2024 21:53
70946,3169,POS,92844,Adjust,-2,05/02/2024 10:51
70947,3154,POS,91043,Adjust,13,12/02/2024 04:11
70948,3010,POS,82579,Redeem,-40,29/04/2024 05:49
70949,3023,ONLINE,86642,Redeem,-61,05/03/2024 06:50
70950,3151,POS,81477,Earn,38,03/01/2024 19:08
70951,3141,ONLINE,85693,Redeem,-81,16/04/2024 02:52
70952,3071,ONLINE,86618,Earn,43,05/02/2024 09:53
70953,3148,ONLINE,88294,Earn,21,01/02/2024 20:44
70954,3028,ONLINE,85570,Adjust,-16,01/04/2024 14:22
70955,3030,ONLINE,91373,Adjust,-4,07/04/2024 22:08
70956,3114,POS,92410,Redeem,-82,29/03/2024 01:00
70957,3087,POS,87896,Redeem,-97,24/03/2024 20:55
70958,3030,POS,91090,Redeem,-18,10/03/2024 15:55
70959,3180,ONLINE,88462,Earn,25,16/03/2024 01:54
70960,3138,POS,84706,Earn,49,17/02/2024 22:35
70961,3024,POS,89085,Redeem,-96,03/03/2024 06:11
70962,3046,POS,94652,Redeem,-50,05/03/2024 08:37
70963,3147,ONLINE,92076,Redeem,-33,04/02/2024 14:51
70964,3052,POS,83755,Earn,20,18/02/2024 07:34
70965,3052,POS,92762,Earn,44,05/03/2024 19:30
70966,3028,POS,92521,Earn,10,30/03/2024 16:29
70967,3139,ONLINE,88066,Earn,35,08/03/2024 13:46
70968,3148,ONLINE,86518,Redeem,-72,03/02/2024 06:58
70969,3057,ONLINE,87836,Adjust,-12,10/01/2024 20:34
70970,3139,ONLINE,94096,Earn,37,04/03/2024 05:19
70971,3176,ONLINE,85171,Earn,34,22/01/2024 21:53
70972,3177,ONLINE,89519,Earn,5,08/02/2024 08:47
70973,3026,ONLINE,83066,Redeem,-56,21/04/2024 13:16
70974,3141,ONLINE,90044,Redeem,-40,19/02/2024 01:03
70975,3088,ONLINE,83449,Redeem,-33,31/03/2024 19:09
70976,3108,ONLINE,84581,Adjust,3,07/03/2024 11:03
70977,3116,POS,93339,Earn,41,24/01/2024 20:57
70978,3026,ONLINE,94029,Adjust,-3,12/02/2024 22:14
70979,3098,ONLINE,93200,Earn,14,28/01/2024 05:23
70980,3003,POS,94635,Earn,31,31/03/2024 22:46
70981,3162,ONLINE,84915,Adjust,14,27/02/2024 11:26
70982,3065,ONLINE,81621,Adjust,16,09/01/2024 16:26
70983,3177,ONLINE,87807,Earn,8,09/02/2024 05:23
70984,3162,ONLINE,85914,Earn,33,01/03/2024 22:08
70985,3093,ONLINE,80324,Adjust,15,16/02/2024 21:58
70986,3106,POS,89451,Earn,27,20/04/2024 05:48
70987,3148,ONLINE,85818,Adjust,14,01/02/2024 18:34
70988,3084,ONLINE,94575,Adjust,12,29/03/2024 17:53
70989,3021,ONLINE,90349,Redeem,-88,22/02/2024 03:50
70990,3038,ONLINE,90342,Earn,45,02/03/2024 10:04
70991,3157,POS,82654,Adjust,5,13/01/2024 23:42
70992,3088,ONLINE,91639,Earn,25,27/02/2024 16:27
70993,3069,ONLINE,92795,Adjust,5,19/02/2024 09:06
70994,3093,ONLINE,86782,Adjust,17,04/04/2024 20:00
70995,3043,POS,90846,Earn,6,23/01/2024 18:18
70996,3065,POS,86505,Adjust,-15,08/02/2024 08:00
70997,3027,POS,80431,Earn,9,27/03/2024 03:22
70998,3198,POS,84300,Redeem,-77,16/01/2024 03:43
70999,3159,ONLINE,85068,Earn,10,29/04/2024 05:00
71000,3059,POS,82150,Earn,23,21/03/2024 16:11
71001,3135,ONLINE,94096,Earn,6,07/01/2024 09:35
71002,3084,ONLINE,88987,Redeem,-69,08/04/2024 09:50
71003,3114,POS,89680,Earn,49,08/04/2024 04:11
71004,3153,ONLINE,88576,Redeem,-90,25/04/2024 18:04
71005,3164,ONLINE,87891,Adjust,14,26/02/2024 08:55
71006,3139,ONLINE,85992,Earn,10,21/03/2024 10:31
71007,3106,POS,80001,Redeem,-29,25/02/2024 06:19
71008,3134,ONLINE,88767,Earn,27,22/02/2024 04:53
71009,3003,ONLINE,80149,Adjust,11,27/03/2024 20:20
71010,3197,POS,93054,Redeem,-47,18/04/2024 16:20
71011,3002,ONLINE,94453,Adjust,3,04/02/2024 07:52
71012,3144,POS,91713,Redeem,-60,15/02/2024 11:48
71013,3189,POS,84308,Adjust,4,09/03/2024 21:04
71014,3021,ONLINE,84664,Redeem,-90,13/02/2024 14:39
71015,3167,ONLINE,83080,Adjust,14,18/02/2024 22:30
71016,3018,POS,90434,Earn,13,22/02/2024 17:15
71017,3117,ONLINE,83076,Adjust,8,19/02/2024 12:58
71018,3083,POS,83046,Earn,14,10/01/2024 00:50
71019,3027,ONLINE,91912,Redeem,-44,23/01/2024 18:18
71020,3003,POS,88086,Earn,10,28/01/2024 10:20
71021,3056,ONLINE,86084,Redeem,-63,26/02/2024 17:17
71022,3119,POS,93820,Adjust,-18,01/03/2024 02:52
71023,3193,ONLINE,81169,Earn,8,18/02/2024 12:22
71024,3140,ONLINE,93389,Redeem,-33,04/02/2024 23:42
71025,3098,ONLINE,92635,Earn,12,15/02/2024 07:43
71026,3114,ONLINE,92047,Earn,7,06/02/2024 06:13
71027,3198,ONLINE,86375,Earn,38,07/02/2024 22:43
71028,3175,POS,92201,Redeem,-51,29/01/2024 20:59
71029,3141,ONLINE,90461,Adjust,-13,16/02/2024 02:44
71030,3077,POS,81850,Earn,28,10/01/2024 11:34
71031,3061,POS,82742,Adjust,7,29/02/2024 01:49
71032,3071,POS,80146,Adjust,-13,13/03/2024 01:18
71033,3011,POS,86084,Adjust,10,18/04/2024 12:53
71034,3198,ONLINE,81497,Earn,20,29/01/2024 16:59
71035,3176,POS,80979,Adjust,1,23/04/2024 19:14
71036,3092,POS,82061,Adjust,-11,07/04/2024 15:21
71037,3125,ONLINE,93197,Earn,25,11/04/2024 15:28
71038,3113,ONLINE,85868,Adjust,-8,04/01/2024 21:17
71039,3186,ONLINE,91577,Earn,21,08/01/2024 04:31
71040,3113,ONLINE,83109,Adjust,-2,08/04/2024 19:14
71041,3146,ONLINE,91999,Earn,39,04/03/2024 06:58
71042,3120,POS,81128,Redeem,-86,10/04/2024 22:44
71043,3136,ONLINE,88873,Earn,33,23/02/2024 19:48
71044,3094,ONLINE,92020,Redeem,-10,26/04/2024 03:34
71045,3048,POS,85254,Earn,44,07/03/2024 06:40
71046,3185,ONLINE,83110,Earn,47,08/04/2024 02:44
71047,3135,POS,90044,Adjust,11,10/04/2024 09:23
71048,3073,ONLINE,81809,Redeem,-62,26/04/2024 16:09
71049,3025,POS,82926,Adjust,-16,08/01/2024 23:15
71050,3009,POS,81617,Earn,11,29/03/2024 08:36
71051,3009,ONLINE,88615,Adjust,4,29/04/2024 18:30
71052,3160,POS,86002,Adjust,17,16/02/2024 14:12
71053,3057,POS,90743,Adjust,-16,03/01/2024 09:10
71054,3126,POS,85913,Earn,34,26/04/2024 07:28
71055,3143,POS,93494,Adjust,6,08/03/2024 04:29
71056,3158,POS,93671,Redeem,-77,08/01/2024 09:36
71057,3078,POS,81658,Earn,18,04/04/2024 13:39
71058,3186,POS,83164,Earn,39,11/03/2024 03:32
71059,3135,POS,89149,Adjust,-5,13/04/2024 18:29
71060,3192,ONLINE,91050,Adjust,6,20/01/2024 04:59
71061,3118,POS,92983,Adjust,7,19/01/2024 22:49
71062,3047,ONLINE,90773,Adjust,5,01/04/2024 21:02
71063,3041,ONLINE,94786,Adjust,18,21/03/2024 15:32
71064,3081,ONLINE,92520,Adjust,0,08/03/2024 16:04
71065,3163,POS,89226,Redeem,-51,20/04/2024 18:11
71066,3140,ONLINE,85898,Earn,29,10/04/2024 04:01
71067,3116,POS,84660,Redeem,-60,01/01/2024 00:51
71068,3153,ONLINE,80107,Earn,38,25/01/2024 14:11
71069,3077,POS,92640,Earn,18,27/02/2024 07:50
71070,3177,POS,81544,Redeem,-80,03/04/2024 01:46
71071,3010,POS,84341,Redeem,-55,29/01/2024 10:02
71072,3094,ONLINE,93288,Adjust,-5,12/02/2024 09:58
71073,3077,POS,92030,Earn,41,13/03/2024 18:44
71074,3020,POS,87999,Adjust,0,28/03/2024 20:13
71075,3177,ONLINE,80612,Adjust,16,18/01/2024 08:39
71076,3188,POS,92630,Adjust,4,15/01/2024 06:52
71077,3086,POS,94250,Redeem,-65,16/03/2024 19:48
71078,3198,POS,90385,Earn,46,19/04/2024 15:29
71079,3200,ONLINE,88591,Adjust,4,10/01/2024 20:29
71080,3011,POS,85354,Redeem,-79,12/04/2024 20:08
71081,3129,POS,91036,Adjust,-6,28/01/2024 21:19
71082,3188,POS,83638,Redeem,-67,18/04/2024 08:10
71083,3111,POS,85507,Redeem,-60,27/01/2024 22:40
71084,3022,ONLINE,84301,Redeem,-83,09/01/2024 23:26
71085,3022,POS,92485,Redeem,-74,20/03/2024 02:19
71086,3035,ONLINE,86476,Redeem,-81,06/02/2024 01:32
71087,3167,POS,83970,Adjust,-8,12/04/2024 03:46
71088,3019,POS,81843,Redeem,-65,28/02/2024 21:00
71089,3172,ONLINE,83120,Redeem,-64,07/03/2024 11:52
71090,3083,POS,92610,Redeem,-86,29/04/2024 07:31
71091,3079,ONLINE,90210,Earn,27,22/04/2024 04:18
71092,3038,POS,91228,Redeem,-15,12/02/2024 12:07
71093,3096,POS,83982,Earn,10,21/01/2024 10:57
71094,3159,ONLINE,91367,Earn,23,03/01/2024 12:00
71095,3029,POS,85437,Redeem,-67,26/03/2024 18:39
71096,3054,POS,88952,Adjust,14,08/02/2024 13:41
71097,3134,POS,91388,Redeem,-80,28/03/2024 22:22
71098,3179,POS,84185,Adjust,-19,09/03/2024 13:25
71099,3044,ONLINE,80869,Earn,23,06/02/2024 12:51
71100,3120,ONLINE,90819,Adjust,-20,13/01/2024 02:58
71101,3070,POS,84792,Adjust,3,20/01/2024 15:23
71102,3167,POS,94809,Redeem,-39,10/03/2024 07:18
71103,3081,POS,83054,Redeem,-86,06/04/2024 18:25
71104,3051,POS,80651,Adjust,9,12/04/2024 01:40
71105,3064,ONLINE,86445,Adjust,-1,01/03/2024 17:23
71106,3191,ONLINE,85822,Earn,6,04/03/2024 03:06
71107,3161,ONLINE,93302,Redeem,-40,01/04/2024 06:00
71108,3016,POS,89092,Adjust,-4,11/03/2024 11:34
71109,3072,ONLINE,90763,Earn,14,03/03/2024 05:17
71110,3036,POS,86837,Earn,29,04/04/2024 19:03
71111,3062,ONLINE,94905,Adjust,-11,18/03/2024 15:15
71112,3155,POS,83387,Redeem,-67,08/04/2024 17:03
71113,3168,POS,94132,Earn,42,08/04/2024 13:12
71114,3036,POS,87046,Redeem,-98,05/04/2024 08:32
71115,3198,POS,85201,Earn,46,12/04/2024 19:50
71116,3018,POS,85203,Adjust,14,22/01/2024 13:14
71117,3038,ONLINE,86737,Adjust,-19,28/02/2024 00:22
71118,3078,POS,92764,Redeem,-91,19/02/2024 20:14
71119,3049,POS,92491,Earn,13,03/02/2024 15:10
71120,3157,POS,89770,Adjust,-3,20/04/2024 05:55
71121,3060,ONLINE,81302,Earn,48,05/01/2024 17:57
71122,3177,ONLINE,91665,Redeem,-27,01/04/2024 10:41
71123,3167,ONLINE,87763,Redeem,-33,11/03/2024 12:50
71124,3036,POS,86694,Earn,17,11/02/2024 04:36
71125,3196,POS,92162,Earn,22,16/03/2024 04:37
71126,3172,POS,87197,Earn,18,13/01/2024 00:57
71127,3158,ONLINE,94542,Redeem,-98,29/02/2024 03:29
71128,3064,ONLINE,91799,Redeem,-61,08/01/2024 14:44
71129,3081,POS,88530,Redeem,-88,14/04/2024 02:49
71130,3028,POS,88498,Redeem,-68,08/01/2024 17:19
71131,3138,ONLINE,88456,Redeem,-15,11/04/2024 12:37
71132,3196,ONLINE,87201,Adjust,-17,04/02/2024 13:28
71133,3102,POS,86921,Redeem,-46,24/03/2024 23:39
71134,3076,POS,87595,Adjust,-17,04/04/2024 02:40
71135,3166,POS,82945,Redeem,-21,01/04/2024 03:24
71136,3200,ONLINE,86775,Adjust,14,25/01/2024 15:09
71137,3083,ONLINE,89671,Redeem,-13,02/02/2024 13:31
71138,3183,ONLINE,85309,Earn,34,17/01/2024 10:00
71139,3178,POS,81870,Adjust,-10,23/01/2024 11:46
71140,3181,POS,88582,Redeem,-91,07/03/2024 01:43
71141,3182,POS,86204,Redeem,-75,21/04/2024 10:11
71142,3141,ONLINE,89265,Redeem,-15,01/02/2024 02:36
71143,3169,POS,92601,Earn,15,27/01/2024 07:47
71144,3183,ONLINE,91962,Earn,31,26/02/2024 01:56
71145,3197,POS,81926,Redeem,-46,24/04/2024 01:00
71146,3034,ONLINE,80200,Earn,5,23/04/2024 08:00
71147,3118,POS,89961,Redeem,-73,08/04/2024 22:35
71148,3127,ONLINE,87434,Earn,18,17/04/2024 04:46
71149,3105,POS,84009,Redeem,-20,19/04/2024 10:45
71150,3141,POS,80801,Redeem,-89,24/04/2024 10:33
71151,3048,ONLINE,80601,Earn,8,28/04/2024 22:12
71152,3038,ONLINE,85424,Earn,47,15/04/2024 05:43
71153,3023,POS,82643,Earn,11,16/03/2024 21:42
71154,3173,POS,87460,Redeem,-88,18/04/2024 07:27
71155,3192,POS,92591,Adjust,3,07/01/2024 12:35
71156,3077,POS,92426,Redeem,-57,09/03/2024 23:36
71157,3110,ONLINE,82204,Adjust,-16,23/02/2024 07:24
71158,3032,ONLINE,88595,Adjust,-3,29/02/2024 22:20
71159,3054,POS,81790,Adjust,-7,21/04/2024 10:06
71160,3147,POS,87924,Adjust,20,06/04/2024 07:00
71161,3186,ONLINE,89975,Adjust,18,22/02/2024 06:44
71162,3082,ONLINE,82125,Redeem,-77,14/04/2024 16:50
71163,3158,ONLINE,88069,Adjust,11,04/04/2024 14:37
71164,3047,POS,80025,Adjust,-6,22/02/2024 21:09
71165,3031,POS,92082,Earn,34,23/04/2024 20:40
71166,3054,POS,85468,Adjust,6,16/03/2024 08:58
71167,3090,POS,90495,Adjust,20,08/02/2024 15:43
71168,3052,POS,85042,Adjust,-2,16/02/2024 07:34
71169,3077,POS,81865,Adjust,15,28/02/2024 23:14
71170,3176,POS,93632,Redeem,-53,13/03/2024 02:21
71171,3045,ONLINE,87774,Earn,26,02/03/2024 12:28
71172,3010,POS,90276,Adjust,-12,28/03/2024 15:41
71173,3118,ONLINE,92166,Adjust,1,25/03/2024 04:33
71174,3015,ONLINE,89096,Adjust,-1,12/04/2024 20:16
71175,3138,ONLINE,93099,Earn,18,15/04/2024 02:41
71176,3091,POS,85556,Earn,14,21/02/2024 01:20
71177,3097,ONLINE,83070,Adjust,14,31/01/2024 05:07
71178,3153,POS,84448,Earn,24,27/02/2024 06:04
71179,3106,ONLINE,87404,Earn,36,13/02/2024 06:16
71180,3078,POS,81838,Earn,38,25/02/2024 00:50
71181,3096,ONLINE,88290,Earn,17,17/01/2024 20:35
71182,3007,POS,85572,Redeem,-74,29/01/2024 01:10
71183,3124,ONLINE,82347,Adjust,13,26/02/2024 11:58
71184,3197,POS,91871,Earn,38,25/01/2024 03:51
71185,3010,POS,80067,Redeem,-59,05/04/2024 02:09
71186,3080,POS,85460,Earn,48,18/04/2024 04:28
71187,3120,ONLINE,80368,Earn,11,04/04/2024 18:26
71188,3148,ONLINE,83285,Redeem,-91,08/02/2024 04:49
71189,3050,ONLINE,92661,Redeem,-45,06/04/2024 21:32
71190,3113,POS,82580,Adjust,-13,19/02/2024 15:14
71191,3071,POS,83384,Earn,5,23/04/2024 09:41
71192,3139,ONLINE,82319,Redeem,-80,27/02/2024 23:28
71193,3181,POS,81167,Redeem,-83,14/02/2024 13:39
71194,3080,ONLINE,80831,Adjust,1,08/04/2024 09:49
71195,3034,POS,86284,Earn,35,10/01/2024 04:26
71196,3014,POS,91545,Earn,32,12/03/2024 08:18
71197,3153,ONLINE,85119,Adjust,20,22/03/2024 03:53
71198,3086,POS,92382,Earn,50,07/04/2024 02:49
71199,3196,POS,93317,Redeem,-82,24/01/2024 23:49
71200,3179,ONLINE,91214,Redeem,-22,23/03/2024 22:28
71201,3165,POS,83666,Adjust,9,26/03/2024 15:50
71202,3037,ONLINE,83004,Adjust,-4,07/03/2024 03:56
71203,3180,ONLINE,87987,Adjust,1,29/02/2024 02:54
71204,3008,ONLINE,87842,Earn,35,21/01/2024 13:12
71205,3119,POS,88322,Earn,23,04/03/2024 11:07
71206,3027,POS,92983,Redeem,-23,29/02/2024 07:44
71207,3078,ONLINE,83908,Adjust,9,13/03/2024 23:11
71208,3159,ONLINE,86288,Earn,40,29/01/2024 22:46
71209,3017,ONLINE,92850,Redeem,-36,17/04/2024 13:59
71210,3112,POS,82835,Adjust,1,09/04/2024 03:04
71211,3170,ONLINE,81873,Adjust,-16,14/04/2024 12:40
71212,3152,POS,93468,Adjust,9,29/02/2024 05:35
71213,3114,POS,89801,Earn,24,14/03/2024 20:56
71214,3028,ONLINE,88098,Adjust,18,09/03/2024 23:29
71215,3166,POS,93386,Adjust,-17,17/01/2024 11:32
71216,3036,POS,90827,Adjust,20,01/01/2024 00:48
71217,3039,ONLINE,90085,Redeem,-78,23/02/2024 01:35
71218,3148,ONLINE,84910,Redeem,-35,07/02/2024 10:32
71219,3146,ONLINE,81462,Adjust,-1,20/03/2024 03:21
71220,3150,ONLINE,93887,Earn,44,02/04/2024 22:04
71221,3033,POS,80013,Redeem,-17,08/03/2024 05:09
71222,3181,ONLINE,94183,Adjust,2,20/01/2024 23:16
71223,3008,ONLINE,90243,Earn,32,17/04/2024 10:27
71224,3082,ONLINE,87130,Adjust,4,14/03/2024 21:59
71225,3140,ONLINE,82278,Earn,47,01/02/2024 13:38
71226,3049,ONLINE,82527,Adjust,4,06/03/2024 14:07
71227,3074,POS,81175,Adjust,-12,25/01/2024 10:40
71228,3166,ONLINE,82224,Earn,14,29/03/2024 14:25
71229,3022,ONLINE,94640,Earn,46,16/03/2024 16:54
71230,3179,POS,87444,Adjust,7,23/04/2024 11:00
71231,3131,ONLINE,85821,Redeem,-80,22/03/2024 22:16
71232,3058,POS,89468,Earn,32,20/04/2024 01:25
71233,3128,ONLINE,86731,Adjust,-5,01/04/2024 08:05
71234,3140,POS,89308,Adjust,3,07/01/2024 02:11
71235,3124,ONLINE,91313,Adjust,3,21/01/2024 14:25
71236,3021,ONLINE,88469,Earn,38,20/02/2024 20:48
71237,3021,POS,87740,Adjust,19,17/01/2024 02:25
71238,3162,ONLINE,90044,Adjust,-16,25/04/2024 08:37
71239,3014,ONLINE,87438,Redeem,-78,02/01/2024 23:06
71240,3132,ONLINE,85782,Redeem,-83,01/03/2024 08:24
71241,3076,ONLINE,91910,Redeem,-31,07/01/2024 10:20
71242,3145,ONLINE,89472,Redeem,-17,24/04/2024 13:27
71243,3044,ONLINE,93252,Adjust,-17,29/04/2024 11:30
71244,3189,ONLINE,81351,Adjust,-19,22/02/2024 05:07
71245,3033,ONLINE,82171,Adjust,-16,20/02/2024 13:56
71246,3158,POS,92147,Redeem,-45,16/02/2024 18:39
71247,3029,POS,90799,Adjust,-9,17/04/2024 17:28
71248,3115,POS,87944,Redeem,-32,17/02/2024 13:25
71249,3047,POS,82376,Adjust,-18,03/03/2024 09:55
71250,3153,ONLINE,83898,Earn,36,16/03/2024 04:11
71251,3170,POS,89465,Redeem,-91,31/01/2024 10:52
71252,3188,ONLINE,92377,Redeem,-16,26/04/2024 22:04
71253,3030,ONLINE,87802,Earn,15,25/03/2024 11:18
71254,3078,ONLINE,91198,Redeem,-78,12/02/2024 12:52
71255,3181,POS,88690,Redeem,-70,17/02/2024 19:25
71256,3112,ONLINE,91116,Earn,23,22/03/2024 16:55
71257,3081,ONLINE,93832,Adjust,-18,18/01/2024 17:23
71258,3111,ONLINE,84375,Adjust,-3,01/03/2024 23:29
71259,3026,ONLINE,87554,Redeem,-93,16/04/2024 08:18
71260,3198,POS,88518,Adjust,-5,17/04/2024 04:10
71261,3087,POS,91023,Adjust,-9,27/02/2024 00:41
71262,3003,POS,88605,Earn,5,15/03/2024 20:46
71263,3027,POS,91882,Adjust,8,04/03/2024 23:47
71264,3073,POS,90148,Redeem,-34,07/01/2024 04:43
71265,3024,POS,89820,Earn,43,29/04/2024 12:45
71266,3164,POS,94031,Earn,50,22/01/2024 20:11
71267,3155,POS,94680,Earn,29,29/04/2024 11:49
71268,3029,ONLINE,87650,Adjust,-9,16/02/2024 02:50
71269,3170,ONLINE,92605,Earn,45,23/03/2024 13:07
71270,3110,POS,92791,Adjust,0,16/02/2024 20:19
71271,3019,ONLINE,85450,Redeem,-17,10/03/2024 16:28
71272,3016,ONLINE,81137,Redeem,-43,02/02/2024 09:23
71273,3126,POS,90575,Earn,44,12/03/2024 11:26
71274,3126,ONLINE,83578,Earn,14,08/04/2024 10:03
71275,3158,ONLINE,81692,Adjust,-14,21/03/2024 09:17
71276,3009,ONLINE,92734,Earn,9,14/04/2024 00:14
71277,3115,POS,80619,Earn,36,28/01/2024 02:21
71278,3171,ONLINE,94821,Redeem,-44,28/01/2024 14:22
71279,3101,ONLINE,87833,Adjust,-20,03/04/2024 19:44
71280,3112,POS,80054,Redeem,-18,08/04/2024 07:51
71281,3099,ONLINE,85463,Adjust,10,23/01/2024 01:32
71282,3175,POS,85985,Redeem,-61,11/01/2024 01:08
71283,3137,ONLINE,90613,Redeem,-20,24/03/2024 16:11
71284,3052,ONLINE,90825,Earn,40,08/01/2024 03:50
71285,3049,POS,90332,Redeem,-99,12/03/2024 00:23
71286,3177,ONLINE,92047,Redeem,-72,16/01/2024 10:46
71287,3049,POS,91792,Earn,7,05/02/2024 03:38
71288,3152,POS,92988,Earn,36,11/03/2024 18:33
71289,3139,ONLINE,80268,Adjust,-1,31/03/2024 23:09
71290,3010,POS,86643,Redeem,-17,02/03/2024 11:30
71291,3031,ONLINE,91109,Earn,46,05/04/2024 05:32
71292,3138,POS,80604,Earn,42,12/02/2024 09:55
71293,3189,POS,87720,Earn,36,29/04/2024 00:38
71294,3159,POS,80235,Earn,20,28/04/2024 02:35
71295,3045,POS,87474,Adjust,-17,25/02/2024 22:46
71296,3157,POS,81870,Earn,42,12/01/2024 15:26
71297,3128,POS,93180,Adjust,19,10/02/2024 03:41
71298,3052,ONLINE,81979,Redeem,-53,14/03/2024 04:24
71299,3176,ONLINE,93704,Adjust,14,26/01/2024 00:00
71300,3055,ONLINE,81035,Earn,42,01/02/2024 13:48
71301,3031,POS,91408,Redeem,-28,16/03/2024 13:50
71302,3095,POS,89535,Adjust,-10,20/03/2024 20:32
71303,3011,ONLINE,92741,Earn,11,25/04/2024 02:06
71304,3041,POS,80118,Earn,36,15/01/2024 16:40
71305,3046,ONLINE,86819,Earn,50,28/04/2024 15:33
71306,3178,POS,82344,Redeem,-98,24/01/2024 02:24
71307,3164,ONLINE,83919,Redeem,-76,22/03/2024 23:54
71308,3045,POS,91750,Adjust,-18,18/04/2024 13:09
71309,3128,ONLINE,85699,Adjust,-15,24/04/2024 04:14
71310,3108,POS,81925,Earn,40,12/02/2024 21:31
71311,3136,POS,87605,Earn,44,06/03/2024 21:10
71312,3198,POS,83173,Adjust,-7,20/02/2024 07:43
71313,3029,ONLINE,82888,Earn,48,27/03/2024 08:44
71314,3041,ONLINE,84670,Adjust,-18,10/01/2024 20:03
71315,3054,ONLINE,80709,Redeem,-42,01/03/2024 20:33
71316,3027,POS,82589,Adjust,-17,07/04/2024 19:45
71317,3008,POS,94664,Redeem,-75,22/01/2024 03:05
71318,3061,ONLINE,86865,Adjust,8,17/04/2024 21:34
71319,3051,POS,85343,Adjust,0,11/02/2024 21:09
71320,3059,POS,86152,Earn,20,16/03/2024 02:39
71321,3057,ONLINE,80890,Earn,35,16/04/2024 12:18
71322,3112,ONLINE,82917,Earn,18,20/04/2024 22:39
71323,3100,POS,90355,Redeem,-27,24/03/2024 07:53
71324,3092,POS,80525,Redeem,-35,02/03/2024 03:31
71325,3178,POS,81820,Adjust,-17,21/02/2024 01:58
71326,3120,ONLINE,83602,Redeem,-63,01/02/2024 03:59
71327,3076,POS,89471,Adjust,-10,26/04/2024 03:27
71328,3142,ONLINE,94126,Earn,10,15/03/2024 22:43
71329,3056,ONLINE,80237,Adjust,10,25/03/2024 05:50
71330,3187,ONLINE,87114,Redeem,-41,15/02/2024 02:47
71331,3149,POS,86844,Earn,42,28/01/2024 02:51
71332,3012,POS,86974,Earn,35,01/04/2024 18:57
71333,3136,ONLINE,88114,Redeem,-71,18/01/2024 20:09
71334,3062,ONLINE,83571,Earn,40,03/01/2024 06:16
71335,3034,POS,80260,Redeem,-47,13/02/2024 12:28
71336,3123,ONLINE,94056,Adjust,-1,30/01/2024 10:55
71337,3147,ONLINE,87598,Adjust,17,05/01/2024 10:39
71338,3198,POS,92941,Earn,50,14/03/2024 19:02
71339,3095,POS,94096,Adjust,9,25/04/2024 07:22
71340,3161,POS,84859,Earn,29,01/03/2024 14:29
71341,3110,POS,92905,Redeem,-99,21/04/2024 12:03
71342,3176,POS,88433,Earn,44,02/03/2024 02:40
71343,3173,ONLINE,85989,Redeem,-16,21/01/2024 04:49
71344,3120,ONLINE,82871,Adjust,-18,07/03/2024 13:12
71345,3166,POS,82267,Adjust,-16,12/04/2024 01:59
71346,3086,ONLINE,92081,Earn,39,21/01/2024 16:08
71347,3193,ONLINE,85778,Adjust,-7,11/02/2024 00:57
71348,3069,POS,81038,Adjust,7,20/02/2024 10:51
71349,3096,POS,87703,Redeem,-67,29/03/2024 12:21
71350,3182,ONLINE,90173,Adjust,14,23/02/2024 04:55
71351,3095,ONLINE,81430,Adjust,-16,04/02/2024 06:55
71352,3021,POS,81791,Redeem,-32,22/02/2024 11:55
71353,3043,ONLINE,82465,Redeem,-24,27/01/2024 22:25
71354,3053,ONLINE,86824,Adjust,20,05/01/2024 03:08
71355,3175,ONLINE,86883,Adjust,-12,27/03/2024 06:31
71356,3114,POS,81031,Adjust,-19,23/02/2024 01:39
71357,3006,ONLINE,86745,Earn,38,27/04/2024 08:36
71358,3149,ONLINE,87965,Redeem,-93,27/04/2024 14:38
71359,3152,ONLINE,87503,Adjust,13,09/04/2024 20:17
71360,3078,POS,92931,Adjust,-12,25/02/2024 19:05
71361,3067,ONLINE,92611,Earn,35,08/03/2024 16:51
71362,3013,ONLINE,82725,Earn,27,21/02/2024 18:29
71363,3159,ONLINE,82986,Earn,50,07/04/2024 10:50
71364,3045,POS,81915,Adjust,-11,30/01/2024 08:31
71365,3011,ONLINE,84266,Redeem,-83,24/01/2024 00:34
71366,3095,POS,90904,Earn,18,12/04/2024 09:32
71367,3082,ONLINE,88845,Redeem,-28,08/03/2024 21:17
71368,3042,POS,86628,Adjust,-1,23/01/2024 02:47
71369,3128,POS,80070,Earn,34,28/02/2024 07:03
71370,3190,ONLINE,87764,Adjust,12,01/03/2024 07:23
71371,3075,ONLINE,85549,Adjust,-11,12/04/2024 21:32
71372,3177,POS,91108,Earn,35,08/01/2024 07:06
71373,3142,ONLINE,90117,Earn,24,05/01/2024 12:20
71374,3057,ONLINE,80901,Redeem,-55,17/01/2024 20:03
71375,3156,POS,92800,Adjust,-8,16/04/2024 05:03
71376,3197,POS,88821,Redeem,-35,05/01/2024 02:30
71377,3115,ONLINE,83185,Adjust,-15,03/04/2024 04:02
71378,3126,POS,94883,Redeem,-87,20/04/2024 03:37
71379,3171,ONLINE,86056,Redeem,-60,27/01/2024 22:23
71380,3099,ONLINE,85756,Redeem,-11,21/02/2024 19:39
71381,3079,POS,91925,Redeem,-81,16/01/2024 22:43
71382,3114,ONLINE,82683,Adjust,6,21/03/2024 13:19
71383,3187,POS,82353,Redeem,-63,26/01/2024 09:46
71384,3054,ONLINE,81083,Redeem,-70,05/04/2024 15:04
71385,3152,ONLINE,90466,Redeem,-21,02/01/2024 04:55
71386,3070,ONLINE,91636,Redeem,-32,11/04/2024 04:23
71387,3146,ONLINE,84742,Earn,17,03/02/2024 20:40
71388,3142,ONLINE,88095,Redeem,-15,24/02/2024 23:25
71389,3144,POS,92963,Adjust,9,10/02/2024 20:56
71390,3001,ONLINE,82034,Earn,21,24/02/2024 15:27
71391,3168,POS,88059,Adjust,-2,16/03/2024 22:35
71392,3177,POS,92529,Adjust,-5,06/01/2024 04:16
71393,3071,ONLINE,89520,Redeem,-18,19/04/2024 00:35
71394,3124,ONLINE,91374,Adjust,7,16/02/2024 22:49
71395,3031,POS,93849,Redeem,-75,14/04/2024 17:21
71396,3067,POS,85237,Earn,42,11/01/2024 15:38
71397,3119,POS,80866,Adjust,-12,06/03/2024 01:26
71398,3070,ONLINE,80798,Redeem,-63,25/04/2024 19:48
71399,3075,POS,88419,Redeem,-77,26/04/2024 07:35
71400,3050,POS,88908,Adjust,-9,18/01/2024 04:54
71401,3083,ONLINE,91230,Redeem,-97,24/02/2024 19:24
71402,3179,ONLINE,93489,Adjust,3,18/01/2024 10:42
71403,3037,ONLINE,86111,Earn,13,04/04/2024 07:55
71404,3200,POS,81678,Redeem,-62,02/03/2024 22:51
71405,3056,POS,93027,Earn,37,10/02/2024 06:03
71406,3144,POS,86837,Adjust,13,06/04/2024 20:45
71407,3118,POS,87856,Earn,12,24/01/2024 21:21
71408,3090,POS,93386,Redeem,-98,07/03/2024 00:05
71409,3114,POS,91630,Adjust,13,03/03/2024 06:25
71410,3078,POS,94038,Earn,12,10/02/2024 11:29
71411,3178,ONLINE,82053,Earn,49,11/02/2024 05:55
71412,3054,POS,81273,Earn,10,18/03/2024 08:00
71413,3005,POS,81766,Redeem,-65,08/01/2024 17:45
71414,3009,POS,87685,Adjust,12,17/04/2024 23:37
71415,3031,ONLINE,90937,Redeem,-15,13/01/2024 01:26
71416,3003,POS,89627,Earn,12,19/04/2024 13:16
71417,3052,POS,81487,Earn,47,04/03/2024 23:52
71418,3038,ONLINE,85770,Adjust,-3,15/04/2024 12:58
71419,3042,POS,81623,Adjust,19,14/02/2024 00:32
71420,3149,POS,84617,Earn,38,09/02/2024 12:04
71421,3044,POS,88260,Adjust,-20,18/01/2024 23:09
71422,3182,POS,87203,Redeem,-56,17/04/2024 07:02
71423,3173,ONLINE,86948,Earn,16,05/03/2024 14:14
71424,3055,POS,92474,Adjust,-6,15/03/2024 04:44
71425,3081,POS,88123,Earn,34,21/01/2024 01:58
71426,3196,POS,81347,Redeem,-100,22/02/2024 11:28
71427,3084,ONLINE,87486,Redeem,-24,11/03/2024 01:08
71428,3154,POS,89075,Adjust,-1,21/03/2024 19:40
71429,3105,POS,94659,Redeem,-64,04/02/2024 08:48
71430,3122,POS,91045,Adjust,3,02/02/2024 15:21
71431,3126,ONLINE,88563,Adjust,-14,13/03/2024 03:45
71432,3169,POS,86468,Adjust,-15,22/01/2024 16:52
71433,3103,POS,81060,Adjust,17,19/01/2024 12:25
71434,3094,ONLINE,82011,Earn,26,06/02/2024 10:57
71435,3060,ONLINE,92391,Redeem,-73,20/02/2024 16:51
71436,3165,ONLINE,87938,Redeem,-55,27/03/2024 14:55
71437,3131,POS,82001,Redeem,-28,23/03/2024 18:19
71438,3065,POS,80486,Redeem,-73,12/02/2024 00:28
71439,3026,ONLINE,91110,Adjust,-17,13/01/2024 10:05
71440,3007,ONLINE,82502,Earn,29,20/04/2024 01:28
71441,3078,POS,90831,Adjust,19,18/01/2024 12:53
71442,3193,POS,84809,Adjust,11,25/03/2024 20:04
71443,3170,ONLINE,88887,Redeem,-72,01/04/2024 21:28
71444,3088,POS,87051,Adjust,14,04/01/2024 05:12
71445,3031,ONLINE,87250,Redeem,-67,27/02/2024 06:19
71446,3118,ONLINE,94494,Earn,7,02/02/2024 04:45
71447,3181,POS,85119,Earn,36,19/03/2024 09:40
71448,3184,ONLINE,90814,Redeem,-72,20/01/2024 21:53
71449,3142,ONLINE,87797,Adjust,14,14/04/2024 04:01
71450,3144,ONLINE,84315,Earn,37,11/01/2024 03:31
71451,3127,ONLINE,92557,Adjust,4,22/04/2024 07:27
71452,3073,POS,82100,Redeem,-17,06/01/2024 02:58
71453,3094,ONLINE,86235,Redeem,-84,05/01/2024 21:31
71454,3025,ONLINE,85755,Redeem,-54,06/03/2024 01:21
71455,3015,POS,90618,Adjust,-5,15/02/2024 01:50
71456,3080,ONLINE,81875,Adjust,-15,12/01/2024 22:10
71457,3087,ONLINE,80612,Earn,6,08/04/2024 00:22
71458,3118,ONLINE,84368,Adjust,7,13/04/2024 09:50
71459,3006,POS,85185,Adjust,10,17/04/2024 00:57
71460,3097,POS,93243,Adjust,4,28/02/2024 16:40
71461,3126,ONLINE,88138,Earn,49,07/02/2024 11:37
71462,3129,ONLINE,85952,Adjust,1,31/01/2024 08:00
71463,3112,POS,93768,Earn,36,25/04/2024 16:17
71464,3138,POS,84871,Earn,23,18/02/2024 06:28
71465,3147,POS,91758,Redeem,-38,23/04/2024 16:47
71466,3149,ONLINE,81102,Earn,42,02/03/2024 07:40
71467,3146,POS,85690,Adjust,10,18/03/2024 18:03
71468,3020,ONLINE,87092,Adjust,-1,01/04/2024 20:48
71469,3170,ONLINE,86591,Adjust,0,06/02/2024 10:08
71470,3065,POS,94432,Adjust,12,23/03/2024 12:11
71471,3005,ONLINE,83489,Adjust,13,03/02/2024 23:00
71472,3170,ONLINE,89275,Adjust,9,18/02/2024 18:37
71473,3187,POS,85968,Adjust,-17,05/04/2024 01:49
71474,3119,ONLINE,93830,Earn,20,28/01/2024 09:25
71475,3112,POS,93860,Redeem,-50,12/01/2024 17:29
71476,3106,POS,84201,Redeem,-46,27/04/2024 14:36
71477,3176,POS,81860,Adjust,-5,14/03/2024 21:15
71478,3039,ONLINE,87604,Earn,6,14/02/2024 16:59
71479,3125,POS,83309,Adjust,7,17/03/2024 19:49
71480,3041,ONLINE,92937,Redeem,-27,06/01/2024 07:19
71481,3072,POS,91837,Adjust,15,02/02/2024 00:53
71482,3125,ONLINE,89856,Earn,8,16/01/2024 06:41
71483,3077,POS,86502,Earn,31,07/03/2024 03:52
71484,3186,POS,88551,Earn,20,21/01/2024 09:02
71485,3171,ONLINE,94492,Adjust,13,15/02/2024 20:09
71486,3024,ONLINE,85395,Earn,43,23/01/2024 06:14
71487,3150,ONLINE,83571,Adjust,4,12/02/2024 22:49
71488,3037,ONLINE,87200,Earn,16,08/02/2024 23:27
71489,3105,ONLINE,88740,Redeem,-85,11/01/2024 04:20
71490,3096,ONLINE,87780,Adjust,-13,27/02/2024 14:45
71491,3175,ONLINE,87786,Earn,22,27/01/2024 09:07
71492,3184,POS,93786,Redeem,-49,04/01/2024 20:04
71493,3190,ONLINE,89055,Adjust,-17,13/02/2024 15:09
71494,3099,POS,88763,Redeem,-91,07/03/2024 01:20
71495,3061,ONLINE,84186,Redeem,-59,02/01/2024 10:22
71496,3078,POS,94080,Earn,20,24/02/2024 03:27
71497,3042,ONLINE,92932,Redeem,-90,27/02/2024 17:47
71498,3009,ONLINE,92074,Redeem,-20,30/03/2024 12:14
71499,3106,POS,91443,Redeem,-64,19/01/2024 06:38
71500,3067,ONLINE,89865,Adjust,-16,05/03/2024 01:17
71501,3187,POS,92484,Adjust,0,23/03/2024 12:19
71502,3014,ONLINE,92960,Adjust,-9,24/04/2024 17:11
71503,3165,POS,90294,Earn,5,13/03/2024 22:31
71504,3079,POS,82585,Redeem,-83,15/01/2024 23:16
71505,3064,ONLINE,92986,Adjust,-12,18/04/2024 03:17
71506,3082,ONLINE,82842,Redeem,-71,25/01/2024 07:18
71507,3176,POS,81382,Adjust,0,21/02/2024 07:11
71508,3107,ONLINE,93675,Redeem,-33,12/03/2024 15:12
71509,3147,POS,94857,Earn,6,05/01/2024 04:21
71510,3023,POS,80815,Redeem,-35,17/02/2024 15:44
71511,3103,ONLINE,82445,Adjust,7,19/04/2024 07:09
71512,3023,POS,80231,Redeem,-31,13/04/2024 06:19
71513,3184,ONLINE,81941,Adjust,7,23/03/2024 14:16
71514,3058,ONLINE,84717,Adjust,-7,04/02/2024 16:30
71515,3192,ONLINE,94030,Redeem,-58,24/01/2024 16:50
71516,3053,POS,86853,Adjust,-7,21/02/2024 12:18
71517,3047,ONLINE,84289,Redeem,-28,06/01/2024 05:42
71518,3061,ONLINE,89550,Adjust,8,15/02/2024 04:55
71519,3176,POS,87682,Adjust,9,16/01/2024 14:35
71520,3035,POS,91687,Redeem,-98,13/03/2024 08:56
71521,3099,ONLINE,81196,Adjust,7,18/04/2024 17:11
71522,3025,ONLINE,83847,Adjust,-17,10/01/2024 11:41
71523,3121,POS,80087,Redeem,-87,18/04/2024 21:42
71524,3065,ONLINE,86466,Adjust,19,10/03/2024 08:20
71525,3172,POS,89510,Redeem,-26,11/04/2024 20:45
71526,3046,ONLINE,85557,Redeem,-31,01/04/2024 16:54
71527,3120,ONLINE,82323,Earn,10,27/02/2024 18:22
71528,3067,POS,88179,Earn,25,09/01/2024 00:56
71529,3072,ONLINE,94791,Adjust,3,19/03/2024 07:04
71530,3068,ONLINE,87139,Adjust,-4,04/04/2024 02:41
71531,3043,ONLINE,80871,Redeem,-72,28/01/2024 12:53
71532,3049,POS,80587,Earn,8,11/02/2024 20:16
71533,3121,ONLINE,81900,Redeem,-30,26/03/2024 00:56
71534,3127,ONLINE,87499,Earn,33,05/03/2024 21:39
71535,3127,ONLINE,81533,Earn,14,23/01/2024 12:15
71536,3053,ONLINE,89228,Redeem,-33,31/01/2024 15:17
71537,3170,POS,88618,Adjust,-7,16/04/2024 05:33
71538,3197,POS,84033,Adjust,-9,16/03/2024 19:21
71539,3197,ONLINE,80425,Redeem,-96,18/01/2024 04:01
71540,3073,ONLINE,89672,Adjust,-13,12/03/2024 18:09
71541,3028,POS,87540,Redeem,-29,06/01/2024 06:09
71542,3182,ONLINE,89735,Adjust,10,23/03/2024 15:47
71543,3169,ONLINE,85323,Earn,26,08/01/2024 23:34
71544,3188,POS,94143,Adjust,16,24/01/2024 13:00
71545,3013,POS,92186,Adjust,-2,28/02/2024 19:57
71546,3019,POS,86534,Adjust,18,10/03/2024 10:19
71547,3066,POS,80336,Earn,20,13/03/2024 14:53
71548,3054,ONLINE,90603,Earn,29,14/03/2024 06:05
71549,3193,ONLINE,88042,Adjust,-11,22/01/2024 22:55
71550,3111,POS,85882,Adjust,-1,19/04/2024 20:47
71551,3171,POS,88021,Earn,28,03/04/2024 07:48
71552,3115,ONLINE,81478,Redeem,-70,18/02/2024 21:00
71553,3194,POS,87112,Redeem,-57,21/04/2024 18:01
71554,3162,ONLINE,87594,Redeem,-21,08/01/2024 08:40
71555,3174,ONLINE,88638,Earn,46,29/01/2024 05:30
71556,3162,ONLINE,87671,Adjust,13,16/01/2024 06:52
71557,3112,POS,82093,Earn,35,24/02/2024 16:26
71558,3176,ONLINE,84841,Redeem,-41,05/04/2024 05:25
71559,3146,POS,88411,Earn,40,14/01/2024 22:22
71560,3028,POS,87612,Adjust,7,16/03/2024 04:30
71561,3170,ONLINE,84175,Adjust,16,16/02/2024 03:02
71562,3150,POS,92132,Earn,37,03/01/2024 23:04
71563,3170,ONLINE,80741,Redeem,-32,03/02/2024 04:04
71564,3022,ONLINE,89620,Redeem,-100,24/02/2024 04:26
71565,3186,ONLINE,85592,Redeem,-95,22/03/2024 21:51
71566,3048,ONLINE,94280,Earn,16,15/01/2024 05:45
71567,3173,POS,80095,Earn,32,07/04/2024 06:43
71568,3102,ONLINE,87539,Earn,5,01/02/2024 06:19
71569,3178,ONLINE,84961,Redeem,-94,19/04/2024 13:41
71570,3159,ONLINE,81435,Adjust,3,12/03/2024 21:46
71571,3033,POS,93368,Earn,5,04/02/2024 17:37
71572,3005,POS,87882,Adjust,-8,05/01/2024 21:09
71573,3167,ONLINE,93796,Earn,46,14/02/2024 00:21
71574,3161,ONLINE,92611,Adjust,-8,16/01/2024 16:08
71575,3119,POS,81908,Earn,35,17/03/2024 19:13
71576,3043,ONLINE,87724,Earn,49,22/03/2024 01:23
71577,3006,POS,84830,Redeem,-84,14/02/2024 04:03
71578,3146,POS,81682,Redeem,-16,01/03/2024 18:36
71579,3162,ONLINE,92076,Adjust,7,16/03/2024 16:09
71580,3149,POS,87987,Adjust,15,22/02/2024 22:24
71581,3103,ONLINE,83799,Redeem,-75,17/04/2024 14:17
71582,3183,ONLINE,89443,Earn,38,04/01/2024 11:05
71583,3081,ONLINE,94567,Adjust,-16,18/02/2024 18:14
71584,3122,ONLINE,87345,Earn,36,23/04/2024 08:36
71585,3179,ONLINE,91898,Redeem,-12,30/01/2024 08:52
71586,3050,POS,88317,Redeem,-54,20/03/2024 18:08
71587,3057,ONLINE,82148,Adjust,1,19/04/2024 14:36
71588,3076,ONLINE,93041,Adjust,4,16/03/2024 21:17
71589,3121,ONLINE,91316,Earn,44,07/02/2024 17:18
71590,3192,POS,82839,Earn,47,28/03/2024 21:46
71591,3052,POS,93000,Earn,43,30/03/2024 14:23
71592,3107,POS,89123,Redeem,-48,12/02/2024 17:30
71593,3013,ONLINE,91090,Earn,27,17/02/2024 11:29
71594,3041,POS,85533,Earn,37,06/01/2024 19:40
71595,3111,POS,89207,Earn,44,11/02/2024 06:25
71596,3058,ONLINE,92605,Redeem,-43,02/03/2024 22:53
71597,3012,POS,91573,Adjust,-3,28/01/2024 12:30
71598,3013,POS,92806,Redeem,-68,21/01/2024 04:39
71599,3157,POS,88311,Adjust,-14,12/04/2024 09:28
71600,3027,POS,94925,Earn,45,22/01/2024 11:48
71601,3093,ONLINE,92002,Earn,23,21/03/2024 09:01
71602,3026,ONLINE,93421,Earn,46,07/03/2024 05:11
71603,3036,ONLINE,92602,Earn,17,20/03/2024 22:29
71604,3197,ONLINE,84698,Earn,20,27/03/2024 05:28
71605,3130,ONLINE,91717,Earn,10,18/02/2024 10:14
71606,3194,POS,82483,Redeem,-56,24/04/2024 14:04
71607,3193,POS,93136,Adjust,6,11/02/2024 12:56
71608,3110,ONLINE,80487,Redeem,-62,24/03/2024 12:19
71609,3114,POS,81389,Earn,5,04/04/2024 04:19
71610,3087,ONLINE,81007,Redeem,-61,30/01/2024 21:56
71611,3101,POS,94786,Earn,47,26/04/2024 18:36
71612,3148,ONLINE,86869,Earn,45,04/04/2024 14:56
71613,3103,ONLINE,94896,Adjust,15,25/02/2024 09:36
71614,3089,POS,91473,Earn,22,06/04/2024 01:57
71615,3104,ONLINE,91427,Redeem,-92,07/02/2024 08:14
71616,3089,ONLINE,81380,Adjust,5,05/02/2024 21:59
71617,3010,POS,88527,Adjust,1,11/03/2024 23:54
71618,3139,ONLINE,88541,Redeem,-37,17/01/2024 21:32
71619,3088,POS,94586,Adjust,-10,05/01/2024 06:19
71620,3139,ONLINE,91903,Adjust,-4,13/02/2024 22:25
71621,3109,ONLINE,84255,Adjust,-13,11/01/2024 21:54
71622,3161,POS,92395,Adjust,2,23/01/2024 12:56
71623,3167,POS,87424,Earn,33,24/02/2024 05:48
71624,3087,POS,85739,Earn,42,12/04/2024 23:07
71625,3077,POS,91703,Redeem,-95,14/04/2024 06:27
71626,3097,ONLINE,88461,Adjust,-5,20/01/2024 03:44
71627,3150,POS,82401,Earn,28,23/03/2024 16:54
71628,3183,POS,81018,Redeem,-62,15/01/2024 22:01
71629,3109,ONLINE,81279,Earn,35,09/02/2024 02:24
71630,3095,ONLINE,94287,Adjust,13,14/03/2024 07:39
71631,3068,ONLINE,87210,Adjust,11,25/04/2024 20:44
71632,3177,POS,88286,Redeem,-63,30/01/2024 15:28
71633,3033,POS,91378,Redeem,-68,24/01/2024 13:17
71634,3055,POS,89159,Redeem,-70,06/01/2024 22:27
71635,3095,POS,81980,Earn,43,15/03/2024 09:17
71636,3095,POS,81929,Adjust,-2,08/01/2024 07:59
71637,3096,ONLINE,87961,Redeem,-57,25/02/2024 04:57
71638,3008,ONLINE,80797,Earn,14,17/04/2024 08:06
71639,3079,ONLINE,80034,Redeem,-37,03/02/2024 07:52
71640,3032,POS,86841,Adjust,2,13/01/2024 07:11
71641,3124,ONLINE,94750,Adjust,-1,12/04/2024 23:51
71642,3087,POS,92483,Redeem,-70,20/04/2024 06:23
71643,3036,ONLINE,90931,Adjust,20,24/03/2024 21:51
71644,3115,ONLINE,86344,Earn,25,17/01/2024 06:13
71645,3060,POS,90984,Redeem,-53,08/04/2024 11:38
71646,3114,POS,94187,Adjust,-3,27/04/2024 14:03
71647,3043,ONLINE,89192,Adjust,-19,14/04/2024 03:05
71648,3166,POS,83152,Earn,46,11/04/2024 19:50
71649,3159,POS,92297,Adjust,16,10/01/2024 15:00
71650,3122,POS,80310,Adjust,-19,22/01/2024 21:31
71651,3071,ONLINE,81386,Earn,20,15/04/2024 12:06
71652,3137,POS,88052,Adjust,0,14/03/2024 03:28
71653,3006,ONLINE,80394,Redeem,-65,02/02/2024 20:39
71654,3136,POS,81878,Redeem,-58,16/02/2024 19:37
71655,3026,POS,82992,Adjust,-10,21/02/2024 22:43
71656,3066,ONLINE,91118,Earn,14,25/02/2024 20:24
71657,3044,POS,80445,Earn,44,29/02/2024 05:13
71658,3183,POS,85243,Earn,24,11/03/2024 23:40
71659,3037,ONLINE,93561,Redeem,-51,16/02/2024 22:55
71660,3031,POS,88076,Earn,17,13/02/2024 14:55
71661,3131,ONLINE,80993,Adjust,4,21/01/2024 22:47
71662,3082,POS,87932,Redeem,-80,15/03/2024 02:32
71663,3008,POS,84409,Redeem,-91,12/02/2024 13:13
71664,3142,POS,84990,Adjust,-14,14/02/2024 20:10
71665,3146,POS,92826,Redeem,-67,16/01/2024 06:36
71666,3037,POS,88806,Redeem,-79,31/01/2024 14:49
71667,3109,POS,93314,Adjust,8,08/01/2024 14:35
71668,3119,POS,80008,Adjust,-2,28/04/2024 21:15
71669,3016,ONLINE,93754,Redeem,-44,18/04/2024 20:07
71670,3175,POS,89587,Redeem,-54,25/04/2024 02:09
71671,3131,POS,84925,Redeem,-15,30/01/2024 09:14
71672,3023,POS,91879,Redeem,-99,23/01/2024 09:17
71673,3143,ONLINE,94482,Redeem,-65,08/02/2024 09:13
71674,3175,ONLINE,84473,Redeem,-91,17/02/2024 13:54
71675,3063,POS,87533,Adjust,0,03/03/2024 04:36
71676,3154,POS,89974,Redeem,-12,25/01/2024 08:15
71677,3122,ONLINE,89106,Earn,5,01/02/2024 14:11
71678,3179,POS,92899,Adjust,11,12/03/2024 12:07
71679,3167,POS,94623,Adjust,-16,08/04/2024 01:23
71680,3172,ONLINE,93316,Redeem,-96,23/01/2024 11:12
71681,3097,POS,93748,Adjust,2,11/03/2024 09:44
71682,3197,ONLINE,86069,Adjust,-20,23/01/2024 17:06
71683,3050,POS,92425,Redeem,-11,10/02/2024 07:50
71684,3072,POS,93373,Adjust,2,04/02/2024 20:43
71685,3158,POS,88090,Adjust,-1,10/02/2024 06:12
71686,3093,POS,80116,Earn,22,30/03/2024 17:14
71687,3051,ONLINE,89324,Adjust,5,21/01/2024 04:43
71688,3129,POS,90810,Redeem,-31,10/04/2024 10:47
71689,3190,POS,81070,Adjust,18,12/04/2024 21:08
71690,3151,ONLINE,89337,Earn,9,24/01/2024 04:45
71691,3059,POS,91353,Adjust,-3,04/02/2024 22:12
71692,3174,ONLINE,80032,Adjust,19,16/02/2024 01:01
71693,3110,ONLINE,93833,Adjust,-17,28/02/2024 19:12
71694,3105,ONLINE,88119,Redeem,-25,04/04/2024 08:27
71695,3093,POS,84553,Adjust,-18,10/02/2024 21:03
71696,3108,POS,86420,Adjust,8,27/02/2024 13:40
71697,3050,POS,92082,Redeem,-20,14/04/2024 02:19
71698,3058,POS,83225,Adjust,7,14/01/2024 13:14
71699,3043,POS,80456,Redeem,-49,12/01/2024 10:34
71700,3123,ONLINE,93770,Redeem,-13,17/04/2024 20:48
71701,3065,POS,85583,Earn,11,27/03/2024 05:05
71702,3014,POS,92709,Redeem,-76,13/02/2024 02:20
71703,3154,ONLINE,89485,Adjust,8,18/01/2024 09:59
71704,3032,ONLINE,85132,Earn,8,07/01/2024 01:40
71705,3178,ONLINE,80897,Earn,13,12/01/2024 06:53
71706,3078,POS,81668,Adjust,20,19/03/2024 14:44
71707,3174,ONLINE,93925,Earn,40,10/01/2024 12:04
71708,3098,ONLINE,83819,Redeem,-22,22/04/2024 09:02
71709,3154,ONLINE,86290,Adjust,19,02/01/2024 22:20
71710,3119,POS,85564,Redeem,-89,22/04/2024 17:27
71711,3167,ONLINE,89630,Adjust,-19,23/03/2024 15:53
71712,3050,POS,89713,Earn,11,03/01/2024 05:41
71713,3050,ONLINE,85822,Adjust,-12,26/04/2024 00:41
71714,3108,POS,83983,Redeem,-89,21/03/2024 22:35
71715,3036,ONLINE,89576,Earn,8,24/01/2024 05:50
71716,3112,POS,82415,Adjust,2,26/02/2024 15:36
71717,3121,ONLINE,86042,Redeem,-87,03/03/2024 10:09
71718,3003,POS,80939,Adjust,17,29/04/2024 17:26
71719,3061,ONLINE,85633,Adjust,15,10/01/2024 22:34
71720,3051,POS,85595,Earn,45,06/02/2024 15:19
71721,3049,ONLINE,93959,Adjust,10,26/03/2024 02:06
71722,3149,ONLINE,86859,Adjust,1,22/04/2024 03:47
71723,3085,POS,88125,Earn,11,23/03/2024 16:52
71724,3057,POS,87643,Earn,45,10/02/2024 14:24
71725,3160,ONLINE,93226,Earn,20,28/03/2024 12:24
71726,3190,POS,93534,Redeem,-36,13/03/2024 20:59
71727,3002,ONLINE,80491,Redeem,-11,14/01/2024 10:08
71728,3143,ONLINE,83185,Earn,14,22/02/2024 21:32
71729,3162,POS,83262,Adjust,3,08/01/2024 23:49
71730,3051,ONLINE,91777,Redeem,-32,09/02/2024 20:35
71731,3045,POS,83211,Redeem,-80,14/02/2024 18:38
71732,3006,POS,93622,Earn,21,19/01/2024 10:06
71733,3174,POS,85544,Earn,29,29/04/2024 05:10
71734,3054,ONLINE,93262,Redeem,-68,13/02/2024 17:13
71735,3096,ONLINE,94391,Adjust,-10,05/04/2024 22:10
71736,3183,POS,93023,Earn,12,27/01/2024 07:02
71737,3049,ONLINE,85209,Earn,39,09/03/2024 20:21
71738,3154,POS,92502,Redeem,-91,14/02/2024 12:27
71739,3158,ONLINE,92936,Adjust,-8,07/04/2024 11:29
71740,3039,ONLINE,94300,Redeem,-41,10/01/2024 16:41
71741,3033,POS,91916,Adjust,17,30/03/2024 00:25
71742,3021,POS,82743,Redeem,-94,21/04/2024 22:28
71743,3131,ONLINE,88168,Redeem,-92,02/04/2024 16:32
71744,3133,ONLINE,88609,Redeem,-32,28/02/2024 14:04
71745,3178,ONLINE,89522,Redeem,-73,27/03/2024 05:52
71746,3103,POS,83394,Adjust,17,28/04/2024 06:44
71747,3057,ONLINE,83581,Earn,33,12/02/2024 16:02
71748,3079,POS,93802,Redeem,-58,14/04/2024 00:21
71749,3096,POS,92314,Redeem,-80,16/01/2024 10:19
71750,3022,ONLINE,83771,Redeem,-66,04/04/2024 10:45
71751,3150,ONLINE,86981,Earn,34,03/04/2024 06:06
71752,3116,ONLINE,93181,Redeem,-65,15/03/2024 10:44
71753,3128,POS,82942,Redeem,-44,10/03/2024 14:36
71754,3114,POS,85883,Earn,21,27/04/2024 11:35
71755,3022,POS,92875,Redeem,-74,03/04/2024 08:25
71756,3071,POS,85902,Earn,11,22/01/2024 14:07
71757,3010,POS,91060,Adjust,-8,01/03/2024 18:12
71758,3085,POS,91561,Redeem,-48,19/02/2024 23:09
71759,3155,ONLINE,80139,Earn,50,08/04/2024 20:57
71760,3198,ONLINE,86647,Redeem,-46,04/03/2024 02:27
71761,3149,POS,94179,Adjust,-20,26/03/2024 22:13
71762,3102,ONLINE,83829,Earn,19,08/02/2024 04:57
71763,3133,ONLINE,85581,Adjust,15,26/03/2024 07:56
71764,3022,ONLINE,83433,Redeem,-34,19/03/2024 01:25
71765,3113,ONLINE,82276,Redeem,-81,06/01/2024 11:31
71766,3148,ONLINE,93277,Earn,24,02/01/2024 18:17
71767,3169,ONLINE,86974,Redeem,-53,11/02/2024 01:11
71768,3176,ONLINE,85342,Redeem,-98,07/04/2024 20:49
71769,3151,POS,82518,Earn,41,06/01/2024 20:43
71770,3085,ONLINE,86247,Adjust,20,19/04/2024 18:33
71771,3053,ONLINE,83085,Redeem,-18,07/04/2024 07:13
71772,3122,ONLINE,90469,Earn,26,13/04/2024 16:14
71773,3078,POS,80525,Earn,15,19/01/2024 23:45
71774,3177,POS,83260,Adjust,11,05/01/2024 21:15
71775,3018,POS,84769,Redeem,-46,07/02/2024 11:33
71776,3169,POS,86039,Adjust,-16,23/03/2024 18:27
71777,3133,ONLINE,86407,Earn,15,29/02/2024 11:41
71778,3041,ONLINE,87835,Earn,13,07/04/2024 15:47
71779,3191,POS,94261,Earn,29,07/02/2024 14:07
71780,3053,POS,89891,Redeem,-65,27/03/2024 10:20
71781,3148,ONLINE,84512,Redeem,-85,06/02/2024 22:48
71782,3052,POS,93509,Earn,14,22/03/2024 03:25
71783,3103,ONLINE,94914,Adjust,-5,05/04/2024 17:30
71784,3146,POS,92079,Redeem,-68,25/03/2024 05:32
71785,3024,ONLINE,91473,Redeem,-92,24/03/2024 01:38
71786,3183,POS,86800,Redeem,-60,21/04/2024 14:21
71787,3064,ONLINE,86302,Earn,44,19/03/2024 15:46
71788,3169,POS,86447,Earn,49,13/04/2024 12:19
71789,3179,ONLINE,94459,Earn,20,29/01/2024 18:00
71790,3161,POS,94888,Adjust,-2,13/01/2024 03:36
71791,3127,ONLINE,81253,Redeem,-80,23/01/2024 01:39
71792,3194,ONLINE,87388,Earn,37,29/02/2024 08:22
71793,3043,POS,87572,Redeem,-36,02/04/2024 03:01
71794,3007,ONLINE,85630,Earn,45,25/03/2024 02:05
71795,3191,POS,80175,Redeem,-34,13/03/2024 05:05
71796,3065,ONLINE,90982,Earn,50,25/01/2024 20:17
71797,3192,POS,81352,Redeem,-72,24/03/2024 23:41
71798,3141,POS,87713,Adjust,-5,20/03/2024 16:26
71799,3072,POS,82903,Earn,15,04/01/2024 06:55
71800,3076,POS,81271,Earn,39,12/03/2024 03:38
71801,3172,POS,87219,Earn,48,19/02/2024 17:51
71802,3092,POS,87242,Earn,18,07/01/2024 06:29
71803,3179,POS,86399,Earn,45,05/04/2024 04:28
71804,3177,POS,80797,Redeem,-66,10/01/2024 13:00
71805,3198,ONLINE,94889,Redeem,-35,15/02/2024 10:57
71806,3062,ONLINE,80457,Earn,10,03/01/2024 22:04
71807,3004,POS,94455,Redeem,-34,12/01/2024 12:00
71808,3025,POS,86810,Adjust,-10,31/01/2024 09:50
71809,3132,POS,90234,Earn,25,28/02/2024 17:48
71810,3054,POS,83807,Adjust,5,18/03/2024 21:26
71811,3055,POS,80245,Earn,27,28/02/2024 20:48
71812,3103,ONLINE,83485,Adjust,0,03/01/2024 04:20
71813,3118,ONLINE,90648,Earn,9,29/04/2024 18:40
71814,3160,POS,86735,Redeem,-15,13/01/2024 06:10
71815,3078,POS,84127,Adjust,11,19/01/2024 12:49
71816,3025,ONLINE,91106,Adjust,0,24/04/2024 20:19
71817,3198,POS,90409,Adjust,-12,01/03/2024 10:44
71818,3195,POS,85490,Adjust,0,28/03/2024 18:27
71819,3005,ONLINE,88372,Adjust,17,22/03/2024 17:19
71820,3164,POS,83811,Adjust,-6,01/04/2024 15:28
71821,3006,POS,92089,Adjust,-13,26/02/2024 05:22
71822,3110,POS,82253,Earn,44,15/01/2024 10:51
71823,3096,POS,86156,Redeem,-47,06/02/2024 18:36
71824,3053,ONLINE,92111,Adjust,-18,13/02/2024 08:07
71825,3085,POS,88533,Earn,22,27/02/2024 19:20
71826,3107,POS,93876,Adjust,-2,05/01/2024 07:31
71827,3188,POS,88836,Redeem,-53,14/02/2024 02:24
71828,3014,ONLINE,88543,Adjust,-5,10/02/2024 11:52
71829,3083,POS,81058,Earn,33,24/04/2024 15:33
71830,3126,POS,83345,Earn,17,10/01/2024 11:39
71831,3033,POS,83871,Earn,16,17/04/2024 21:14
71832,3130,ONLINE,82689,Earn,32,26/03/2024 00:40
71833,3185,POS,89926,Earn,20,18/03/2024 04:33
71834,3064,ONLINE,90413,Redeem,-46,14/04/2024 22:25
71835,3052,ONLINE,86524,Redeem,-71,15/01/2024 13:35
71836,3097,ONLINE,88278,Earn,35,21/03/2024 08:24
71837,3157,ONLINE,80324,Adjust,7,29/01/2024 09:02
71838,3196,ONLINE,89751,Redeem,-64,16/01/2024 03:38
71839,3138,ONLINE,86233,Earn,40,01/02/2024 23:38
71840,3119,ONLINE,89210,Redeem,-68,21/02/2024 13:25
71841,3156,POS,91712,Redeem,-19,01/03/2024 15:55
71842,3121,POS,80210,Earn,14,04/02/2024 12:29
71843,3129,ONLINE,86812,Adjust,3,30/03/2024 11:11
71844,3102,ONLINE,85043,Adjust,3,10/03/2024 21:53
71845,3165,POS,82039,Adjust,-16,15/03/2024 10:01
71846,3099,ONLINE,84182,Adjust,-10,05/02/2024 08:35
71847,3198,ONLINE,90403,Adjust,2,02/04/2024 18:30
71848,3177,ONLINE,86947,Redeem,-99,11/01/2024 12:06
71849,3189,POS,93322,Earn,20,27/03/2024 23:12
71850,3093,POS,84281,Adjust,-19,27/04/2024 11:30
71851,3155,ONLINE,84053,Redeem,-97,27/01/2024 19:51
71852,3155,POS,92631,Adjust,-10,03/01/2024 05:54
71853,3024,POS,88495,Adjust,4,13/03/2024 09:25
71854,3049,ONLINE,91335,Redeem,-31,18/03/2024 17:01
71855,3078,ONLINE,89602,Adjust,14,29/04/2024 20:58
71856,3079,POS,90423,Adjust,6,17/01/2024 04:17
71857,3147,POS,92259,Redeem,-28,18/02/2024 23:22
71858,3102,POS,93375,Adjust,-1,02/01/2024 04:03
71859,3126,ONLINE,88600,Earn,11,13/01/2024 17:08
71860,3107,POS,82890,Adjust,-2,19/03/2024 10:50
71861,3096,POS,87970,Earn,50,25/01/2024 10:54
71862,3047,POS,83041,Adjust,-13,23/03/2024 00:58
71863,3052,ONLINE,94782,Earn,16,04/02/2024 22:21
71864,3105,POS,94227,Redeem,-90,23/04/2024 16:08
71865,3163,POS,86188,Earn,10,23/02/2024 08:41
71866,3032,POS,89595,Redeem,-18,03/03/2024 06:53
71867,3061,POS,81000,Redeem,-72,19/01/2024 08:26
71868,3069,POS,81586,Earn,47,16/04/2024 00:44
71869,3055,ONLINE,87961,Adjust,-20,09/03/2024 09:18
71870,3122,ONLINE,86074,Redeem,-87,19/03/2024 04:18
71871,3175,ONLINE,90896,Redeem,-50,13/02/2024 14:48
71872,3103,ONLINE,94304,Redeem,-88,11/01/2024 10:05
71873,3085,ONLINE,91882,Earn,5,24/03/2024 04:18
71874,3036,ONLINE,91456,Earn,43,23/01/2024 08:56
71875,3193,ONLINE,88436,Earn,28,23/03/2024 06:27
71876,3106,ONLINE,80272,Adjust,-8,01/01/2024 13:40
71877,3163,ONLINE,83826,Redeem,-15,29/02/2024 06:14
71878,3156,POS,85707,Redeem,-61,21/04/2024 12:27
71879,3110,ONLINE,84814,Redeem,-94,19/01/2024 06:53
71880,3156,POS,82094,Earn,50,27/01/2024 01:28
71881,3128,ONLINE,82753,Earn,24,09/04/2024 21:30
71882,3115,POS,83987,Earn,35,08/04/2024 10:12
71883,3055,POS,87125,Earn,47,17/01/2024 06:44
71884,3184,ONLINE,92555,Earn,15,29/02/2024 10:30
71885,3072,POS,90903,Earn,21,27/03/2024 16:59
71886,3035,POS,93034,Adjust,20,30/03/2024 13:24
71887,3178,POS,90551,Redeem,-38,14/04/2024 20:27
71888,3088,ONLINE,93245,Redeem,-58,29/04/2024 01:01
71889,3060,ONLINE,81436,Earn,21,22/01/2024 01:27
71890,3029,POS,92199,Earn,26,17/04/2024 19:21
71891,3030,ONLINE,86229,Adjust,3,24/01/2024 04:41
71892,3148,POS,89667,Adjust,-20,26/02/2024 13:54
71893,3138,ONLINE,92636,Earn,29,18/03/2024 03:10
71894,3094,POS,81746,Adjust,-12,04/04/2024 14:49
71895,3102,ONLINE,82370,Earn,39,24/03/2024 20:24
71896,3076,POS,89854,Earn,36,23/03/2024 23:21
71897,3073,ONLINE,85060,Earn,47,07/01/2024 06:03
71898,3129,ONLINE,90339,Adjust,-13,19/02/2024 18:43
71899,3056,POS,93274,Redeem,-47,09/03/2024 13:51
71900,3086,POS,91475,Earn,50,08/02/2024 08:10
71901,3189,ONLINE,84900,Earn,16,29/03/2024 17:56
71902,3169,ONLINE,85528,Earn,6,09/04/2024 17:59
71903,3109,ONLINE,86407,Adjust,10,04/03/2024 09:46
71904,3019,POS,91486,Adjust,-2,21/02/2024 09:40
71905,3141,ONLINE,92325,Redeem,-22,24/01/2024 19:54
71906,3149,ONLINE,90725,Earn,50,25/02/2024 08:31
71907,3042,ONLINE,84769,Adjust,-12,21/03/2024 10:37
71908,3038,POS,85934,Earn,18,05/02/2024 14:49
71909,3186,ONLINE,86997,Adjust,-14,27/01/2024 20:53
71910,3174,ONLINE,87763,Earn,8,18/01/2024 11:38
71911,3046,ONLINE,89722,Earn,12,03/04/2024 19:58
71912,3112,POS,80556,Earn,45,14/03/2024 13:04
71913,3031,ONLINE,91271,Earn,30,29/03/2024 22:50
71914,3153,POS,92742,Earn,46,09/03/2024 08:01
71915,3119,ONLINE,86018,Adjust,4,20/02/2024 02:26
71916,3003,POS,88015,Earn,12,16/01/2024 01:02
71917,3165,POS,89614,Adjust,12,10/02/2024 22:45
71918,3147,POS,93014,Adjust,10,19/02/2024 19:55
71919,3152,ONLINE,84888,Earn,29,29/03/2024 03:27
71920,3147,POS,91694,Earn,11,29/02/2024 04:56
71921,3138,ONLINE,89110,Earn,30,04/01/2024 14:16
71922,3138,POS,92345,Adjust,11,12/01/2024 15:19
71923,3193,POS,94123,Earn,47,22/01/2024 08:36
71924,3154,ONLINE,93115,Adjust,-9,01/01/2024 23:15
71925,3081,POS,90692,Earn,7,24/01/2024 10:48
71926,3042,POS,81386,Earn,40,16/02/2024 17:48
71927,3032,POS,86931,Adjust,-1,07/03/2024 04:24
71928,3169,POS,88510,Earn,20,24/02/2024 17:20
71929,3076,POS,89454,Adjust,14,21/03/2024 23:53
71930,3126,ONLINE,89931,Adjust,0,05/04/2024 03:33
71931,3138,POS,83884,Adjust,-7,19/01/2024 00:34
71932,3010,POS,82198,Earn,14,24/02/2024 13:26
71933,3155,ONLINE,84544,Adjust,-7,17/04/2024 17:32
71934,3033,POS,89008,Adjust,19,17/03/2024 19:48
71935,3066,POS,86554,Redeem,-58,28/04/2024 06:53
71936,3117,POS,88780,Earn,21,18/03/2024 10:21
71937,3053,POS,91705,Earn,45,19/02/2024 01:01
71938,3096,POS,86876,Adjust,12,20/04/2024 03:02
71939,3040,POS,89889,Redeem,-65,09/03/2024 23:37
71940,3064,POS,91206,Earn,22,23/01/2024 16:28
71941,3141,POS,85944,Redeem,-18,29/02/2024 22:59
71942,3086,ONLINE,80161,Redeem,-28,11/02/2024 02:23
71943,3026,POS,92824,Redeem,-38,09/03/2024 22:16
71944,3032,ONLINE,81565,Earn,38,25/02/2024 19:20
71945,3136,ONLINE,89036,Redeem,-99,14/04/2024 03:47
71946,3070,POS,85210,Adjust,-14,09/01/2024 17:33
71947,3193,ONLINE,87812,Redeem,-33,03/03/2024 20:05
71948,3152,POS,90773,Earn,21,02/01/2024 17:29
71949,3033,ONLINE,80866,Earn,29,13/04/2024 07:42
71950,3186,ONLINE,91579,Adjust,3,15/02/2024 08:23
71951,3118,ONLINE,88228,Earn,33,05/03/2024 10:39
71952,3074,POS,85000,Redeem,-64,04/04/2024 18:30
71953,3163,ONLINE,93848,Earn,24,15/03/2024 00:05
71954,3024,POS,81534,Adjust,-15,14/01/2024 23:04
71955,3043,ONLINE,89079,Adjust,-17,16/01/2024 09:33
71956,3127,POS,87858,Earn,32,02/04/2024 14:28
71957,3128,ONLINE,80227,Adjust,14,23/01/2024 16:47
71958,3158,ONLINE,84001,Earn,5,18/03/2024 08:45
71959,3190,POS,89951,Adjust,13,20/04/2024 21:36
71960,3115,POS,82864,Earn,48,05/04/2024 07:16
71961,3020,ONLINE,80834,Redeem,-27,03/04/2024 12:19
71962,3109,ONLINE,81855,Redeem,-58,01/02/2024 00:51
71963,3087,POS,84752,Adjust,-5,08/04/2024 03:26
71964,3077,POS,80036,Redeem,-47,18/02/2024 04:42
71965,3189,POS,84994,Adjust,16,12/03/2024 15:45
71966,3165,ONLINE,80942,Adjust,-18,25/03/2024 07:07
71967,3092,ONLINE,84888,Earn,44,24/03/2024 19:19
71968,3091,POS,86587,Earn,5,04/03/2024 15:57
71969,3091,ONLINE,83236,Earn,11,19/03/2024 10:12
71970,3022,ONLINE,82029,Adjust,12,28/01/2024 23:34
71971,3125,ONLINE,83704,Earn,14,29/04/2024 12:52
71972,3121,ONLINE,87017,Redeem,-57,24/02/2024 11:35
71973,3047,ONLINE,90752,Adjust,-3,20/01/2024 18:53
71974,3113,ONLINE,80095,Earn,13,05/03/2024 09:30
71975,3092,POS,84667,Adjust,-8,21/01/2024 03:30
71976,3011,ONLINE,94761,Earn,30,17/03/2024 15:37
71977,3009,ONLINE,90899,Earn,47,06/02/2024 05:24
71978,3069,ONLINE,93104,Earn,31,30/03/2024 00:46
71979,3175,ONLINE,88222,Adjust,-12,29/02/2024 03:27
71980,3186,POS,81767,Adjust,4,24/01/2024 22:10
71981,3006,POS,92572,Earn,14,03/03/2024 15:29
71982,3176,ONLINE,89782,Earn,8,03/03/2024 06:50
71983,3189,ONLINE,84623,Earn,32,28/03/2024 09:59
71984,3125,POS,91948,Earn,32,15/02/2024 02:25
71985,3131,POS,94158,Earn,20,21/02/2024 04:18
71986,3068,POS,87764,Adjust,-5,19/03/2024 03:01
71987,3181,POS,83091,Earn,49,01/04/2024 10:43
71988,3152,POS,81973,Adjust,20,28/01/2024 01:47
71989,3034,POS,82395,Redeem,-14,19/02/2024 20:31
71990,3110,POS,94161,Earn,44,06/02/2024 08:15
71991,3014,ONLINE,91471,Redeem,-62,05/04/2024 13:38
71992,3163,ONLINE,87851,Earn,19,02/03/2024 04:47
71993,3016,POS,84985,Adjust,7,27/04/2024 05:07
71994,3029,ONLINE,91658,Redeem,-56,21/02/2024 01:46
71995,3108,POS,80669,Earn,25,09/01/2024 15:46
71996,3001,POS,84674,Earn,47,28/02/2024 13:15
71997,3121,ONLINE,83028,Redeem,-87,19/01/2024 08:14
71998,3065,ONLINE,81827,Redeem,-56,01/03/2024 20:30
71999,3025,POS,85426,Adjust,-20,10/04/2024 10:42
72000,3093,ONLINE,83903,Adjust,3,17/04/2024 04:59
