pos_receipt_id,store_id,trans_datetime,staff_id,payment_type,order_channel,loyalty_member_id
100000,3,05/01/2024 18:23,5002,Voucher,Click-and-Collect,3002
100001,1,17/03/2024 07:44,5007,Mobile Wallet,Click-and-Collect,3001
100002,2,15/01/2024 12:47,5006,Mobile Wallet,In-Store,3003
100003,4,01/01/2024 03:38,5002,Voucher,In-Store,3001
100004,4,29/01/2024 17:07,5002,Card,In-Store,3003
100005,1,12/01/2024 11:47,5005,Voucher,Click-and-Collect,3005
100006,1,12/02/2024 17:11,5005,Mobile Wallet,Click-and-Collect,3004
100007,5,15/03/2024 18:05,5009,Mobile Wallet,In-Store,
100008,5,22/03/2024 06:39,5007,Voucher,Click-and-Collect,
100009,1,16/02/2024 10:15,5003,Card,Click-and-Collect,3005
100010,3,16/01/2024 11:38,5006,Voucher,In-Store,
100011,5,05/02/2024 06:50,5006,Card,In-Store,3002
100012,3,16/03/2024 16:39,5001,Mobile Wallet,In-Store,
100013,5,18/02/2024 10:09,5001,Mobile Wallet,Click-and-Collect,3004
100014,4,19/02/2024 12:45,5003,Cash,Click-and-Collect,
100015,4,09/03/2024 10:00,5001,Card,In-Store,
100016,1,18/01/2024 14:00,5005,Mobile Wallet,Click-and-Collect,
100017,4,27/02/2024 17:34,5001,Card,In-Store,
100018,1,05/03/2024 08:34,5002,Voucher,In-Store,
100019,5,07/01/2024 16:31,5007,Card,Click-and-Collect,3005
100020,4,27/03/2024 23:54,5001,Mobile Wallet,Click-and-Collect,
100021,2,03/01/2024 03:58,5007,Card,In-Store,
100022,2,01/03/2024 20:55,5002,Card,Click-and-Collect,3005
100023,3,14/01/2024 07:14,5007,Mobile Wallet,In-Store,
100024,1,17/02/2024 01:37,5003,Voucher,Click-and-Collect,3001
100025,2,08/03/2024 11:31,5008,Card,Click-and-Collect,
100026,4,20/03/2024 06:53,5005,Voucher,In-Store,3003
100027,3,17/02/2024 11:25,5009,Cash,Click-and-Collect,3002
100028,3,19/02/2024 15:34,5004,Mobile Wallet,In-Store,3005
100029,5,25/03/2024 15:12,5004,Cash,Click-and-Collect,3005
100030,1,06/02/2024 05:48,5009,Card,In-Store,3004
100031,1,10/03/2024 00:07,5004,Mobile Wallet,In-Store,3002
100032,3,24/02/2024 14:56,5002,Mobile Wallet,In-Store,3003
100033,4,12/03/2024 13:13,5008,Voucher,In-Store,3005
100034,5,05/03/2024 23:14,5008,Mobile Wallet,Click-and-Collect,3004
100035,5,17/03/2024 11:45,5003,Card,Click-and-Collect,
100036,5,04/03/2024 07:57,5002,Card,Click-and-Collect,
100037,4,02/02/2024 22:27,5006,Mobile Wallet,In-Store,
100038,2,01/02/2024 05:22,5003,Voucher,In-Store,
100039,5,04/02/2024 03:55,5005,Cash,Click-and-Collect,
100040,3,07/01/2024 07:04,5002,Mobile Wallet,Click-and-Collect,3001
100041,4,26/03/2024 22:40,5001,Voucher,Click-and-Collect,3002
100042,5,12/02/2024 09:00,5006,Cash,Click-and-Collect,3005
100043,4,17/03/2024 12:51,5010,Mobile Wallet,In-Store,
100044,5,15/02/2024 14:26,5005,Mobile Wallet,In-Store,3003
100045,1,12/01/2024 05:26,5007,Voucher,In-Store,
100046,1,18/02/2024 16:57,5008,Cash,Click-and-Collect,
100047,2,22/03/2024 03:34,5010,Card,Click-and-Collect,3005
100048,5,05/03/2024 05:43,5001,Mobile Wallet,Click-and-Collect,3004
100049,1,03/03/2024 14:56,5005,Mobile Wallet,In-Store,
100050,4,02/02/2024 13:14,5001,Card,Click-and-Collect,3003
100051,1,19/01/2024 01:03,5005,Cash,In-Store,3005
100052,4,15/02/2024 11:54,5004,Mobile Wallet,In-Store,3002
100053,5,10/02/2024 07:07,5009,Mobile Wallet,In-Store,3002
100054,4,27/02/2024 20:14,5007,Voucher,In-Store,3001
100055,4,21/02/2024 21:12,5007,Mobile Wallet,In-Store,
100056,2,13/01/2024 05:57,5004,Cash,In-Store,3004
100057,2,23/03/2024 19:58,5002,Voucher,In-Store,3001
100058,3,07/02/2024 12:30,5009,Card,In-Store,3004
100059,4,07/03/2024 12:23,5005,Cash,Click-and-Collect,3002
100060,3,26/01/2024 17:14,5004,Card,Click-and-Collect,3003
100061,2,12/02/2024 09:45,5007,Cash,Click-and-Collect,
100062,2,21/02/2024 00:23,5007,Card,Click-and-Collect,3001
100063,2,27/01/2024 02:29,5008,Card,In-Store,3002
100064,3,11/02/2024 21:06,5009,Card,Click-and-Collect,
100065,3,27/01/2024 06:47,5004,Voucher,In-Store,3002
100066,1,16/02/2024 06:52,5010,Mobile Wallet,In-Store,3004
100067,4,28/03/2024 07:27,5003,Voucher,In-Store,
100068,1,13/01/2024 19:05,5003,Card,Click-and-Collect,3001
100069,2,09/01/2024 22:32,5004,Voucher,Click-and-Collect,3004
100070,4,01/03/2024 04:38,5001,Card,In-Store,3002
100071,1,11/02/2024 23:48,5003,Card,Click-and-Collect,
100072,2,28/03/2024 00:34,5004,Cash,Click-and-Collect,
100073,2,02/03/2024 03:06,5002,Card,Click-and-Collect,
100074,4,01/03/2024 21:47,5006,Cash,In-Store,3001
100075,1,20/02/2024 01:51,5002,Cash,Click-and-Collect,3004
100076,5,12/01/2024 09:18,5001,Mobile Wallet,Click-and-Collect,
100077,2,03/02/2024 17:36,5007,Card,Click-and-Collect,
100078,1,29/01/2024 12:47,5006,Card,Click-and-Collect,3002
100079,2,04/02/2024 10:53,5010,Mobile Wallet,Click-and-Collect,3002
100080,5,07/03/2024 18:12,5009,Cash,Click-and-Collect,3002
100081,2,18/01/2024 10:43,5006,Voucher,Click-and-Collect,3005
100082,5,29/02/2024 11:33,5009,Cash,Click-and-Collect,3001
100083,1,24/01/2024 16:46,5003,Cash,Click-and-Collect,3003
100084,2,10/01/2024 04:13,5010,Card,Click-and-Collect,3002
100085,1,22/03/2024 06:16,5006,Card,Click-and-Collect,
100086,3,12/01/2024 20:11,5007,Card,Click-and-Collect,3002
100087,5,01/03/2024 15:24,5002,Mobile Wallet,Click-and-Collect,3005
100088,2,10/02/2024 00:07,5001,Card,In-Store,3002
100089,4,25/03/2024 20:37,5007,Mobile Wallet,In-Store,3003
100090,1,05/02/2024 06:19,5007,Cash,In-Store,3001
100091,4,14/03/2024 12:23,5003,Card,In-Store,3005
100092,2,08/02/2024 08:20,5007,Mobile Wallet,In-Store,3001
100093,5,12/01/2024 02:32,5007,Mobile Wallet,In-Store,3004
100094,3,20/03/2024 15:31,5005,Mobile Wallet,In-Store,3003
100095,3,29/01/2024 01:05,5004,Voucher,In-Store,
100096,4,05/01/2024 02:13,5002,Cash,In-Store,3001
100097,2,20/02/2024 01:13,5002,Voucher,In-Store,
100098,4,21/02/2024 19:45,5009,Mobile Wallet,In-Store,3004
100099,4,09/01/2024 03:55,5001,Mobile Wallet,In-Store,3004
100100,1,02/03/2024 11:00,5003,Card,In-Store,
100101,4,13/03/2024 13:26,5010,Voucher,Click-and-Collect,3003
100102,4,28/02/2024 12:29,5007,Card,In-Store,3001
100103,2,20/01/2024 15:50,5003,Mobile Wallet,Click-and-Collect,
100104,3,05/03/2024 05:49,5005,Voucher,In-Store,3002
100105,1,18/03/2024 19:29,5010,Cash,In-Store,
100106,2,23/03/2024 20:41,5009,Voucher,In-Store,
100107,4,27/01/2024 23:11,5006,Mobile Wallet,Click-and-Collect,3004
100108,1,16/01/2024 09:35,5006,Card,In-Store,
100109,3,14/03/2024 00:29,5007,Cash,In-Store,3002
100110,5,22/01/2024 01:46,5007,Cash,In-Store,
100111,5,25/03/2024 22:28,5004,Voucher,Click-and-Collect,
100112,5,26/03/2024 08:36,5007,Mobile Wallet,Click-and-Collect,
100113,2,17/01/2024 01:28,5002,Card,In-Store,
100114,1,25/03/2024 22:48,5003,Cash,In-Store,
100115,2,08/03/2024 18:03,5009,Cash,In-Store,
100116,1,15/02/2024 12:33,5008,Cash,Click-and-Collect,
100117,5,30/03/2024 20:27,5008,Cash,In-Store,
100118,4,08/03/2024 22:49,5007,Mobile Wallet,In-Store,
100119,4,19/03/2024 17:09,5002,Mobile Wallet,Click-and-Collect,
100120,1,02/01/2024 07:36,5001,Mobile Wallet,Click-and-Collect,
100121,2,11/03/2024 20:14,5009,Voucher,Click-and-Collect,3004
100122,2,03/01/2024 23:20,5003,Voucher,In-Store,
100123,1,09/02/2024 00:13,5006,Cash,Click-and-Collect,
100124,3,19/02/2024 13:14,5002,Mobile Wallet,In-Store,3001
100125,5,11/01/2024 17:59,5003,Card,Click-and-Collect,
100126,4,06/02/2024 09:08,5002,Cash,In-Store,
100127,3,21/01/2024 20:00,5007,Voucher,In-Store,
100128,3,07/01/2024 16:00,5009,Voucher,In-Store,3004
100129,1,24/01/2024 09:46,5002,Mobile Wallet,In-Store,3004
100130,1,08/01/2024 12:00,5007,Voucher,Click-and-Collect,
100131,1,06/03/2024 01:08,5007,Card,In-Store,3005
100132,5,27/03/2024 04:04,5007,Voucher,Click-and-Collect,
100133,1,01/02/2024 18:47,5006,Cash,In-Store,3001
100134,4,10/02/2024 10:47,5009,Mobile Wallet,In-Store,3004
100135,3,14/03/2024 04:04,5006,Mobile Wallet,In-Store,
100136,4,25/02/2024 01:34,5006,Cash,In-Store,
100137,2,17/03/2024 07:27,5004,Mobile Wallet,In-Store,
100138,2,20/02/2024 19:13,5005,Cash,In-Store,
100139,3,13/02/2024 21:37,5008,Voucher,Click-and-Collect,3005
100140,3,09/02/2024 17:14,5002,Voucher,Click-and-Collect,3002
100141,5,23/03/2024 12:12,5006,Voucher,In-Store,3004
100142,1,11/03/2024 11:20,5003,Voucher,Click-and-Collect,3005
100143,2,25/02/2024 06:52,5005,Cash,In-Store,
100144,1,14/03/2024 13:06,5010,Voucher,In-Store,
100145,2,12/02/2024 09:31,5003,Mobile Wallet,In-Store,3003
100146,3,28/03/2024 19:19,5007,Cash,In-Store,
100147,5,25/01/2024 09:57,5004,Cash,Click-and-Collect,3004
100148,5,23/02/2024 12:40,5001,Mobile Wallet,In-Store,
100149,2,03/01/2024 08:14,5003,Mobile Wallet,In-Store,
100150,1,04/01/2024 14:19,5004,Card,Click-and-Collect,3004
100151,2,08/01/2024 14:33,5008,Voucher,In-Store,3002
100152,5,30/03/2024 07:13,5009,Card,In-Store,3002
100153,2,07/02/2024 17:22,5004,Mobile Wallet,In-Store,
100154,2,10/03/2024 14:48,5010,Mobile Wallet,Click-and-Collect,3001
100155,4,26/02/2024 00:32,5005,Voucher,Click-and-Collect,3003
100156,5,24/03/2024 05:35,5003,Cash,In-Store,3005
100157,4,08/03/2024 17:18,5009,Cash,In-Store,3003
100158,2,18/02/2024 04:33,5004,Voucher,In-Store,3002
100159,2,28/01/2024 13:08,5001,Voucher,Click-and-Collect,3004
100160,2,20/02/2024 06:59,5010,Voucher,In-Store,3005
100161,5,23/01/2024 21:24,5005,Mobile Wallet,In-Store,3003
100162,2,26/02/2024 04:34,5004,Card,In-Store,
100163,3,16/02/2024 16:31,5008,Card,In-Store,
100164,5,30/01/2024 10:02,5002,Voucher,Click-and-Collect,3002
100165,4,10/03/2024 05:41,5001,Cash,Click-and-Collect,
100166,4,12/01/2024 13:58,5008,Mobile Wallet,In-Store,
100167,3,13/02/2024 16:12,5006,Card,In-Store,
100168,3,28/03/2024 09:09,5005,Card,In-Store,3001
100169,3,28/02/2024 14:40,5006,Voucher,Click-and-Collect,
100170,2,14/01/2024 16:56,5004,Cash,Click-and-Collect,3004
100171,4,06/03/2024 15:19,5003,Cash,Click-and-Collect,
100172,2,04/02/2024 08:52,5005,Mobile Wallet,Click-and-Collect,
100173,1,03/03/2024 13:22,5004,Voucher,In-Store,3004
100174,5,15/01/2024 02:05,5006,Voucher,Click-and-Collect,3001
100175,4,29/02/2024 09:36,5006,Voucher,In-Store,3004
100176,3,03/01/2024 01:55,5003,Mobile Wallet,In-Store,
100177,2,17/01/2024 14:14,5004,Cash,In-Store,3005
100178,4,12/03/2024 06:59,5009,Voucher,In-Store,
100179,4,21/02/2024 06:30,5005,Mobile Wallet,In-Store,3002
100180,4,22/01/2024 03:13,5005,Card,Click-and-Collect,3003
100181,4,28/03/2024 18:55,5005,Voucher,Click-and-Collect,3001
100182,2,06/01/2024 00:58,5003,Voucher,Click-and-Collect,3004
100183,5,10/01/2024 08:52,5008,Card,Click-and-Collect,3003
100184,2,27/03/2024 06:32,5004,Card,In-Store,3002
100185,5,16/02/2024 11:12,5009,Voucher,Click-and-Collect,3005
100186,2,28/02/2024 02:00,5006,Voucher,In-Store,3004
100187,2,16/03/2024 05:36,5001,Cash,Click-and-Collect,3005
100188,4,19/03/2024 08:30,5005,Cash,Click-and-Collect,
100189,2,12/01/2024 12:05,5003,Card,Click-and-Collect,3004
100190,3,28/03/2024 02:42,5002,Voucher,In-Store,3001
100191,5,03/02/2024 16:09,5010,Card,Click-and-Collect,
100192,1,29/02/2024 16:27,5003,Cash,Click-and-Collect,
100193,4,23/01/2024 09:18,5010,Mobile Wallet,In-Store,
100194,4,26/01/2024 15:21,5010,Mobile Wallet,Click-and-Collect,
100195,5,16/02/2024 08:40,5006,Cash,Click-and-Collect,
100196,1,17/02/2024 17:11,5003,Cash,Click-and-Collect,3001
100197,3,01/03/2024 16:12,5007,Voucher,In-Store,3004
100198,1,30/01/2024 21:42,5004,Cash,In-Store,3003
100199,2,24/01/2024 20:33,5007,Cash,Click-and-Collect,
100200,2,09/03/2024 03:29,5001,Card,In-Store,3003
100201,1,23/01/2024 11:17,5008,Mobile Wallet,Click-and-Collect,3004
100202,4,02/03/2024 04:07,5007,Card,Click-and-Collect,
100203,2,30/03/2024 02:14,5010,Voucher,In-Store,
100204,3,21/01/2024 12:31,5009,Card,In-Store,
100205,3,28/02/2024 04:19,5008,Card,In-Store,
100206,5,02/01/2024 16:15,5001,Voucher,In-Store,3003
100207,1,06/03/2024 03:42,5003,Mobile Wallet,In-Store,3005
100208,2,23/01/2024 00:44,5004,Voucher,In-Store,3001
100209,5,07/01/2024 08:56,5004,Voucher,Click-and-Collect,3003
100210,2,04/03/2024 00:27,5008,Voucher,In-Store,3002
100211,1,08/02/2024 11:40,5008,Card,Click-and-Collect,3002
100212,4,13/01/2024 23:40,5010,Cash,In-Store,3004
100213,2,21/01/2024 07:04,5003,Card,Click-and-Collect,3005
100214,2,09/01/2024 15:28,5004,Card,Click-and-Collect,
100215,3,24/03/2024 12:09,5002,Cash,Click-and-Collect,3001
100216,1,14/03/2024 03:29,5005,Card,Click-and-Collect,3004
100217,3,03/02/2024 11:20,5008,Cash,Click-and-Collect,
100218,1,04/01/2024 12:34,5001,Card,In-Store,
100219,2,05/02/2024 13:36,5009,Card,In-Store,
100220,2,07/03/2024 05:39,5003,Cash,Click-and-Collect,3005
100221,4,06/01/2024 17:33,5001,Card,Click-and-Collect,3002
100222,4,24/01/2024 19:59,5008,Mobile Wallet,In-Store,3003
100223,2,12/02/2024 06:54,5010,Mobile Wallet,Click-and-Collect,
100224,5,27/02/2024 14:10,5005,Cash,In-Store,3004
100225,4,12/03/2024 07:32,5006,Card,In-Store,
100226,2,20/03/2024 16:12,5008,Voucher,In-Store,
100227,3,29/01/2024 04:03,5009,Mobile Wallet,In-Store,3002
100228,2,09/02/2024 23:34,5003,Voucher,Click-and-Collect,3003
100229,4,29/03/2024 00:13,5002,Mobile Wallet,In-Store,3004
100230,1,08/01/2024 17:59,5010,Mobile Wallet,Click-and-Collect,3003
100231,4,29/01/2024 18:02,5005,Card,In-Store,3001
100232,5,21/03/2024 17:41,5007,Mobile Wallet,Click-and-Collect,3001
100233,2,24/01/2024 20:11,5005,Voucher,In-Store,
100234,2,07/01/2024 11:43,5004,Cash,Click-and-Collect,3003
100235,2,29/01/2024 13:00,5005,Card,Click-and-Collect,
100236,2,15/03/2024 19:54,5007,Voucher,In-Store,3001
100237,5,27/01/2024 09:25,5010,Card,In-Store,
100238,2,09/02/2024 16:05,5005,Mobile Wallet,Click-and-Collect,3001
100239,2,07/03/2024 01:58,5008,Cash,In-Store,3001
100240,3,03/02/2024 03:46,5003,Voucher,In-Store,3004
100241,4,10/03/2024 15:24,5003,Card,In-Store,3002
100242,2,14/01/2024 05:19,5009,Card,In-Store,3002
100243,4,23/01/2024 01:06,5008,Mobile Wallet,In-Store,
100244,4,20/03/2024 10:32,5002,Card,Click-and-Collect,3004
100245,4,22/03/2024 04:19,5010,Mobile Wallet,In-Store,3003
100246,2,16/01/2024 18:38,5005,Cash,Click-and-Collect,3001
100247,2,06/02/2024 15:07,5006,Voucher,Click-and-Collect,3005
100248,2,17/03/2024 04:39,5002,Cash,Click-and-Collect,
100249,1,21/03/2024 02:39,5004,Mobile Wallet,In-Store,3004
100250,4,28/01/2024 01:20,5007,Card,Click-and-Collect,
100251,2,21/01/2024 04:31,5007,Card,Click-and-Collect,
100252,2,10/01/2024 10:41,5004,Card,In-Store,3004
100253,3,16/01/2024 18:51,5007,Mobile Wallet,In-Store,3002
100254,3,01/01/2024 11:09,5009,Mobile Wallet,Click-and-Collect,3002
100255,3,02/01/2024 07:04,5007,Voucher,Click-and-Collect,3005
100256,4,28/03/2024 01:02,5008,Voucher,In-Store,3003
100257,1,26/03/2024 18:51,5007,Card,Click-and-Collect,3004
100258,1,23/03/2024 00:43,5001,Voucher,In-Store,3002
100259,3,21/01/2024 04:23,5006,Mobile Wallet,In-Store,3005
100260,2,18/02/2024 18:55,5009,Voucher,In-Store,3005
100261,3,27/01/2024 03:36,5007,Card,In-Store,3001
100262,1,02/02/2024 12:51,5005,Card,In-Store,3001
100263,5,18/02/2024 11:28,5010,Voucher,In-Store,3003
100264,3,26/01/2024 20:19,5006,Voucher,Click-and-Collect,3003
100265,2,20/02/2024 19:38,5004,Voucher,Click-and-Collect,3004
100266,2,02/01/2024 18:14,5005,Voucher,Click-and-Collect,3001
100267,3,30/03/2024 12:17,5005,Card,In-Store,
100268,3,13/01/2024 05:39,5006,Mobile Wallet,Click-and-Collect,
100269,5,20/03/2024 03:33,5001,Card,In-Store,
100270,2,24/01/2024 03:43,5009,Mobile Wallet,In-Store,
100271,5,26/01/2024 23:52,5009,Cash,Click-and-Collect,
100272,5,10/03/2024 12:38,5006,Voucher,Click-and-Collect,
100273,1,14/02/2024 11:26,5010,Card,Click-and-Collect,3003
100274,3,18/02/2024 10:49,5008,Card,Click-and-Collect,3005
100275,1,11/01/2024 17:21,5003,Voucher,Click-and-Collect,3003
100276,3,28/03/2024 11:34,5002,Cash,Click-and-Collect,3002
100277,1,09/02/2024 19:20,5007,Card,Click-and-Collect,3003
100278,2,16/02/2024 21:20,5001,Cash,In-Store,3003
100279,1,05/01/2024 05:08,5009,Cash,In-Store,3004
100280,1,31/01/2024 18:51,5009,Cash,Click-and-Collect,
100281,2,01/02/2024 09:35,5006,Card,In-Store,
100282,2,25/03/2024 08:00,5009,Card,Click-and-Collect,3002
100283,5,11/03/2024 04:15,5002,Card,In-Store,
100284,4,15/01/2024 01:07,5009,Voucher,Click-and-Collect,3001
100285,2,05/01/2024 18:08,5002,Cash,In-Store,
100286,2,11/03/2024 00:23,5004,Card,Click-and-Collect,3001
100287,4,06/02/2024 11:33,5009,Voucher,Click-and-Collect,3005
100288,1,30/03/2024 12:02,5003,Voucher,Click-and-Collect,3004
100289,5,11/01/2024 02:14,5007,Mobile Wallet,In-Store,
100290,3,30/01/2024 17:53,5003,Mobile Wallet,In-Store,3001
100291,4,09/03/2024 14:38,5002,Voucher,Click-and-Collect,
100292,4,29/01/2024 20:33,5010,Card,Click-and-Collect,3001
100293,4,17/01/2024 18:29,5007,Voucher,Click-and-Collect,3005
100294,3,29/01/2024 01:55,5009,Voucher,In-Store,
100295,4,31/01/2024 14:08,5002,Mobile Wallet,Click-and-Collect,3004
100296,1,19/01/2024 10:23,5004,Mobile Wallet,Click-and-Collect,3001
100297,2,13/02/2024 11:13,5008,Mobile Wallet,In-Store,3001
100298,1,11/02/2024 05:34,5005,Card,Click-and-Collect,3003
100299,2,30/01/2024 16:39,5005,Cash,In-Store,3003
100300,5,23/03/2024 20:16,5002,Mobile Wallet,Click-and-Collect,3004
100301,5,25/02/2024 11:38,5007,Voucher,Click-and-Collect,3004
100302,1,18/02/2024 20:29,5005,Mobile Wallet,In-Store,
100303,5,25/01/2024 18:04,5001,Card,In-Store,3004
100304,4,26/02/2024 11:16,5001,Cash,In-Store,
100305,5,29/02/2024 06:49,5002,Mobile Wallet,Click-and-Collect,3002
100306,1,27/01/2024 09:13,5001,Cash,In-Store,
100307,5,01/03/2024 12:36,5005,Mobile Wallet,Click-and-Collect,
100308,5,08/02/2024 07:46,5008,Mobile Wallet,In-Store,3001
100309,4,12/03/2024 02:43,5005,Card,In-Store,3005
100310,2,08/02/2024 07:49,5006,Mobile Wallet,Click-and-Collect,3003
100311,2,11/03/2024 14:57,5003,Mobile Wallet,Click-and-Collect,3004
100312,4,30/03/2024 08:03,5008,Mobile Wallet,Click-and-Collect,3005
100313,3,19/03/2024 14:00,5009,Cash,In-Store,
100314,1,02/03/2024 12:41,5003,Voucher,In-Store,3003
100315,1,28/02/2024 12:56,5002,Cash,In-Store,3004
100316,4,06/03/2024 03:30,5003,Card,In-Store,3001
100317,5,02/01/2024 09:08,5009,Cash,In-Store,3002
100318,5,05/02/2024 20:47,5004,Cash,Click-and-Collect,3003
100319,1,17/03/2024 17:07,5002,Voucher,Click-and-Collect,3004
100320,1,05/03/2024 04:14,5010,Voucher,Click-and-Collect,
100321,5,31/01/2024 14:06,5001,Card,In-Store,3005
100322,5,21/02/2024 05:37,5008,Mobile Wallet,In-Store,
100323,5,03/03/2024 19:25,5009,Mobile Wallet,Click-and-Collect,3001
100324,3,29/01/2024 18:24,5004,Voucher,Click-and-Collect,
100325,2,17/03/2024 19:39,5001,Voucher,In-Store,3003
100326,4,29/03/2024 08:17,5001,Voucher,Click-and-Collect,3003
100327,4,08/02/2024 07:05,5010,Mobile Wallet,Click-and-Collect,
100328,3,12/03/2024 14:48,5006,Mobile Wallet,Click-and-Collect,
100329,3,17/02/2024 12:51,5007,Cash,In-Store,3001
100330,2,07/03/2024 23:15,5006,Card,Click-and-Collect,3005
100331,1,18/03/2024 00:56,5005,Mobile Wallet,In-Store,3005
100332,2,26/02/2024 03:47,5009,Mobile Wallet,Click-and-Collect,3001
100333,3,13/02/2024 06:19,5002,Mobile Wallet,In-Store,
100334,1,07/03/2024 22:50,5001,Voucher,In-Store,3005
100335,2,15/01/2024 19:11,5010,Cash,Click-and-Collect,
100336,3,08/01/2024 13:33,5001,Card,Click-and-Collect,
100337,1,14/02/2024 13:54,5010,Voucher,In-Store,
100338,2,25/03/2024 03:27,5006,Card,Click-and-Collect,
100339,2,07/02/2024 06:59,5005,Cash,In-Store,
100340,3,15/02/2024 17:27,5005,Mobile Wallet,In-Store,
100341,2,08/01/2024 19:04,5008,Card,Click-and-Collect,3003
100342,1,23/03/2024 16:28,5010,Voucher,In-Store,
100343,2,09/01/2024 21:07,5008,Voucher,In-Store,3002
100344,5,18/01/2024 07:44,5005,Mobile Wallet,Click-and-Collect,3002
100345,2,19/02/2024 21:27,5007,Voucher,Click-and-Collect,
100346,2,30/03/2024 15:24,5007,Mobile Wallet,Click-and-Collect,
100347,4,07/01/2024 18:14,5008,Mobile Wallet,In-Store,3003
100348,4,05/03/2024 18:17,5009,Voucher,Click-and-Collect,3005
100349,1,22/03/2024 04:13,5008,Mobile Wallet,Click-and-Collect,3002
100350,4,31/01/2024 08:36,5002,Mobile Wallet,In-Store,3001
100351,1,03/01/2024 04:00,5005,Cash,In-Store,3002
100352,5,14/01/2024 07:38,5009,Card,In-Store,
100353,1,27/02/2024 14:18,5008,Mobile Wallet,In-Store,3002
100354,3,25/03/2024 04:43,5008,Cash,In-Store,3002
100355,1,22/01/2024 05:47,5006,Cash,In-Store,3005
100356,1,18/03/2024 23:38,5004,Mobile Wallet,In-Store,3005
100357,1,15/02/2024 06:12,5002,Cash,Click-and-Collect,
100358,5,12/02/2024 03:58,5007,Cash,In-Store,3005
100359,2,11/01/2024 09:44,5010,Cash,Click-and-Collect,3002
100360,1,13/01/2024 18:20,5007,Voucher,Click-and-Collect,3003
100361,3,09/02/2024 14:01,5006,Voucher,Click-and-Collect,3004
100362,4,11/03/2024 05:03,5003,Voucher,Click-and-Collect,
100363,3,10/03/2024 08:55,5006,Card,Click-and-Collect,
100364,5,02/03/2024 01:19,5005,Mobile Wallet,Click-and-Collect,3003
100365,1,23/01/2024 09:17,5007,Card,In-Store,3004
100366,4,16/01/2024 07:05,5006,Cash,Click-and-Collect,
100367,4,24/01/2024 22:43,5005,Cash,Click-and-Collect,
100368,5,13/02/2024 01:36,5002,Mobile Wallet,In-Store,3004
100369,5,17/02/2024 21:04,5004,Card,In-Store,3004
100370,4,21/01/2024 22:17,5002,Voucher,In-Store,
100371,3,06/03/2024 11:50,5003,Mobile Wallet,In-Store,
100372,2,02/02/2024 05:06,5006,Card,Click-and-Collect,3005
100373,3,27/02/2024 10:17,5006,Cash,Click-and-Collect,3001
100374,3,22/02/2024 14:01,5010,Cash,In-Store,3005
100375,1,11/01/2024 16:21,5007,Voucher,Click-and-Collect,3003
100376,2,28/02/2024 18:04,5010,Cash,Click-and-Collect,3001
100377,1,22/02/2024 16:11,5004,Voucher,Click-and-Collect,
100378,2,03/01/2024 15:42,5008,Card,Click-and-Collect,3003
100379,5,21/02/2024 01:27,5006,Voucher,In-Store,
100380,2,14/03/2024 02:35,5004,Mobile Wallet,In-Store,3001
100381,5,30/01/2024 05:14,5002,Card,Click-and-Collect,3005
100382,1,25/02/2024 06:20,5002,Card,In-Store,
100383,2,08/03/2024 00:40,5007,Mobile Wallet,In-Store,
100384,3,06/01/2024 11:06,5009,Mobile Wallet,In-Store,3003
100385,1,03/02/2024 19:21,5007,Cash,Click-and-Collect,3003
100386,4,06/01/2024 17:16,5006,Cash,In-Store,3004
100387,5,29/03/2024 09:50,5009,Voucher,In-Store,
100388,1,26/03/2024 17:50,5007,Card,Click-and-Collect,3001
100389,4,21/01/2024 02:56,5009,Cash,In-Store,3005
100390,3,10/02/2024 10:45,5003,Mobile Wallet,Click-and-Collect,3005
100391,2,01/03/2024 05:36,5010,Mobile Wallet,In-Store,3001
100392,4,19/03/2024 19:26,5002,Cash,Click-and-Collect,3002
100393,3,03/01/2024 12:08,5009,Mobile Wallet,Click-and-Collect,3004
100394,5,17/01/2024 22:43,5001,Cash,In-Store,
100395,2,06/03/2024 17:48,5001,Cash,In-Store,3004
100396,5,12/01/2024 20:25,5006,Cash,In-Store,3002
100397,5,20/03/2024 23:21,5005,Card,In-Store,3004
100398,4,29/03/2024 07:16,5002,Mobile Wallet,In-Store,3003
100399,2,25/01/2024 04:00,5004,Voucher,Click-and-Collect,
100400,5,20/01/2024 09:34,5002,Card,Click-and-Collect,
100401,5,11/03/2024 18:03,5007,Card,In-Store,3005
100402,5,13/03/2024 03:15,5009,Card,Click-and-Collect,3003
100403,2,21/03/2024 17:31,5004,Cash,In-Store,3003
100404,4,13/03/2024 02:35,5010,Mobile Wallet,Click-and-Collect,3002
100405,5,11/01/2024 22:33,5006,Voucher,In-Store,3004
100406,3,22/03/2024 10:28,5006,Cash,In-Store,3002
100407,5,13/03/2024 07:16,5005,Voucher,In-Store,
100408,1,18/02/2024 04:02,5002,Voucher,In-Store,3003
100409,4,19/02/2024 12:42,5008,Card,Click-and-Collect,3001
100410,1,10/02/2024 22:19,5004,Card,Click-and-Collect,3001
100411,3,21/02/2024 02:03,5002,Cash,In-Store,3003
100412,5,06/03/2024 01:56,5008,Cash,Click-and-Collect,3004
100413,2,13/01/2024 03:15,5006,Cash,Click-and-Collect,3005
100414,5,23/02/2024 10:21,5003,Card,In-Store,3002
100415,2,19/01/2024 14:10,5003,Card,In-Store,3001
100416,2,10/02/2024 17:34,5009,Card,Click-and-Collect,3004
100417,4,26/02/2024 01:37,5004,Voucher,In-Store,3001
100418,1,03/01/2024 17:19,5006,Mobile Wallet,Click-and-Collect,3003
100419,2,15/01/2024 11:13,5007,Card,Click-and-Collect,3004
100420,5,26/03/2024 16:11,5003,Voucher,Click-and-Collect,
100421,3,10/03/2024 09:59,5010,Card,In-Store,3004
100422,3,04/02/2024 10:36,5005,Cash,Click-and-Collect,
100423,1,20/03/2024 02:55,5004,Mobile Wallet,Click-and-Collect,3005
100424,5,30/01/2024 13:26,5008,Card,In-Store,3001
100425,1,21/02/2024 21:15,5002,Voucher,Click-and-Collect,3002
100426,2,22/02/2024 17:47,5009,Card,In-Store,
100427,3,24/03/2024 00:03,5001,Mobile Wallet,In-Store,
100428,2,09/03/2024 00:27,5010,Mobile Wallet,Click-and-Collect,3001
100429,4,02/03/2024 06:17,5008,Voucher,In-Store,3002
100430,2,28/03/2024 07:02,5007,Card,In-Store,3005
100431,1,02/02/2024 01:50,5009,Voucher,Click-and-Collect,
100432,5,12/01/2024 03:09,5005,Voucher,In-Store,3003
100433,4,13/02/2024 01:05,5009,Card,In-Store,3005
100434,4,28/03/2024 03:48,5007,Voucher,Click-and-Collect,
100435,4,09/03/2024 17:09,5006,Voucher,In-Store,3004
100436,2,17/03/2024 00:08,5001,Card,In-Store,
100437,1,19/01/2024 05:28,5007,Voucher,Click-and-Collect,
100438,3,19/03/2024 10:08,5005,Voucher,Click-and-Collect,3001
100439,2,24/02/2024 22:49,5003,Cash,In-Store,
100440,1,20/02/2024 23:50,5001,Cash,Click-and-Collect,
100441,3,29/02/2024 12:03,5002,Card,In-Store,
100442,1,11/02/2024 04:11,5009,Voucher,Click-and-Collect,3005
100443,5,16/02/2024 16:01,5002,Card,Click-and-Collect,3004
100444,4,27/03/2024 19:23,5001,Mobile Wallet,In-Store,3005
100445,4,07/01/2024 08:21,5003,Card,Click-and-Collect,
100446,2,10/01/2024 10:22,5008,Mobile Wallet,Click-and-Collect,3001
100447,4,28/01/2024 16:10,5005,Voucher,In-Store,3001
100448,5,02/03/2024 21:56,5003,Card,In-Store,3004
100449,1,03/02/2024 00:19,5005,Voucher,In-Store,3004
100450,4,26/03/2024 23:58,5002,Card,Click-and-Collect,
100451,4,11/01/2024 03:05,5004,Voucher,In-Store,3003
100452,5,20/03/2024 06:59,5003,Cash,In-Store,
100453,5,02/01/2024 23:01,5004,Card,Click-and-Collect,3001
100454,2,11/01/2024 12:29,5005,Cash,In-Store,3005
100455,3,19/02/2024 09:02,5009,Mobile Wallet,In-Store,3003
100456,5,25/03/2024 03:25,5009,Mobile Wallet,In-Store,3004
100457,4,26/01/2024 13:39,5001,Voucher,Click-and-Collect,3002
100458,1,03/03/2024 00:15,5010,Mobile Wallet,Click-and-Collect,
100459,1,04/03/2024 15:38,5002,Card,Click-and-Collect,
100460,1,05/03/2024 23:38,5003,Voucher,In-Store,3001
100461,1,22/03/2024 00:56,5001,Voucher,In-Store,3005
100462,1,25/01/2024 08:33,5008,Card,Click-and-Collect,
100463,4,15/03/2024 16:47,5007,Card,Click-and-Collect,3004
100464,1,05/03/2024 10:37,5007,Mobile Wallet,In-Store,
100465,2,30/01/2024 12:47,5006,Mobile Wallet,Click-and-Collect,3003
100466,3,05/02/2024 18:30,5003,Card,In-Store,3001
100467,2,07/02/2024 13:46,5010,Card,In-Store,
100468,4,03/01/2024 04:57,5003,Voucher,In-Store,
100469,2,11/01/2024 09:22,5001,Card,Click-and-Collect,3001
100470,2,22/01/2024 03:01,5005,Voucher,Click-and-Collect,
100471,4,29/03/2024 10:00,5009,Cash,Click-and-Collect,
100472,4,07/02/2024 06:26,5008,Voucher,In-Store,3003
100473,2,05/02/2024 08:37,5001,Mobile Wallet,Click-and-Collect,3002
100474,3,22/02/2024 22:31,5005,Card,In-Store,3004
100475,2,11/01/2024 16:17,5002,Mobile Wallet,Click-and-Collect,3004
100476,4,23/01/2024 13:18,5005,Card,Click-and-Collect,3004
100477,5,07/02/2024 18:05,5002,Voucher,In-Store,3004
100478,1,17/01/2024 04:14,5004,Cash,Click-and-Collect,
100479,5,24/02/2024 03:09,5008,Card,In-Store,
100480,3,20/02/2024 03:07,5008,Card,Click-and-Collect,
100481,2,10/03/2024 07:11,5005,Voucher,Click-and-Collect,3003
100482,5,12/01/2024 11:48,5001,Voucher,Click-and-Collect,
100483,3,14/03/2024 00:09,5005,Voucher,Click-and-Collect,3001
100484,1,30/03/2024 18:06,5004,Card,In-Store,3005
100485,2,21/03/2024 23:51,5006,Voucher,Click-and-Collect,3003
100486,1,19/02/2024 12:42,5006,Mobile Wallet,Click-and-Collect,3003
100487,1,12/03/2024 15:32,5006,Voucher,Click-and-Collect,
100488,3,21/03/2024 14:10,5008,Card,In-Store,3005
100489,2,20/03/2024 22:32,5003,Card,Click-and-Collect,3005
100490,2,01/02/2024 04:24,5003,Card,Click-and-Collect,
100491,1,29/01/2024 19:01,5004,Cash,In-Store,
100492,2,27/01/2024 14:03,5004,Card,In-Store,3003
100493,2,30/03/2024 22:38,5007,Card,Click-and-Collect,3003
100494,4,22/03/2024 19:20,5002,Voucher,Click-and-Collect,3001
100495,5,04/03/2024 11:45,5008,Card,Click-and-Collect,3004
100496,3,10/03/2024 04:47,5005,Mobile Wallet,In-Store,
100497,1,29/01/2024 05:28,5003,Voucher,In-Store,
100498,2,02/02/2024 04:47,5006,Voucher,Click-and-Collect,
100499,5,16/01/2024 16:08,5005,Voucher,In-Store,
100500,1,27/01/2024 15:24,5005,Mobile Wallet,In-Store,3003
100501,1,29/01/2024 03:21,5005,Voucher,In-Store,
100502,5,11/03/2024 10:24,5002,Cash,In-Store,3003
100503,1,03/03/2024 19:19,5002,Voucher,In-Store,
100504,1,16/01/2024 05:51,5001,Voucher,In-Store,3003
100505,1,01/02/2024 02:29,5007,Voucher,In-Store,
100506,1,29/02/2024 11:21,5007,Mobile Wallet,Click-and-Collect,3005
100507,4,24/01/2024 06:13,5004,Voucher,Click-and-Collect,3001
100508,1,19/02/2024 06:18,5009,Card,Click-and-Collect,3001
100509,5,02/01/2024 11:19,5009,Cash,In-Store,3005
100510,5,22/02/2024 05:06,5009,Mobile Wallet,Click-and-Collect,3001
100511,5,21/02/2024 08:09,5005,Voucher,Click-and-Collect,3001
100512,4,16/02/2024 01:09,5005,Cash,Click-and-Collect,3002
100513,1,20/02/2024 20:47,5008,Voucher,Click-and-Collect,3001
100514,5,18/01/2024 04:55,5002,Cash,Click-and-Collect,3001
100515,3,04/01/2024 04:40,5006,Mobile Wallet,Click-and-Collect,3005
100516,5,21/01/2024 00:47,5005,Cash,Click-and-Collect,
100517,1,02/03/2024 18:17,5004,Cash,Click-and-Collect,
100518,1,07/03/2024 23:41,5010,Voucher,Click-and-Collect,3005
100519,2,22/01/2024 10:50,5005,Voucher,In-Store,
100520,3,05/01/2024 12:33,5010,Voucher,Click-and-Collect,3001
100521,5,29/03/2024 11:21,5007,Card,In-Store,
100522,1,09/02/2024 00:32,5004,Card,Click-and-Collect,3002
100523,4,19/01/2024 22:26,5001,Card,In-Store,3004
100524,1,29/01/2024 17:31,5009,Card,Click-and-Collect,3005
100525,3,19/01/2024 16:01,5008,Voucher,In-Store,3004
100526,3,22/03/2024 07:08,5010,Card,In-Store,3003
100527,2,09/02/2024 20:12,5003,Cash,In-Store,
100528,5,01/01/2024 09:39,5005,Cash,In-Store,3003
100529,1,27/01/2024 14:58,5008,Mobile Wallet,In-Store,3004
100530,1,20/02/2024 21:07,5008,Mobile Wallet,In-Store,3002
100531,4,16/03/2024 03:51,5001,Voucher,Click-and-Collect,3002
100532,2,11/01/2024 11:47,5002,Mobile Wallet,Click-and-Collect,3004
100533,5,28/02/2024 17:51,5004,Cash,In-Store,3005
100534,1,10/01/2024 14:01,5004,Cash,Click-and-Collect,
100535,5,20/03/2024 23:23,5002,Card,In-Store,3001
100536,4,16/01/2024 01:15,5009,Card,Click-and-Collect,3004
100537,4,27/03/2024 07:17,5002,Card,Click-and-Collect,
100538,5,22/02/2024 13:35,5003,Cash,Click-and-Collect,
100539,1,02/02/2024 05:07,5005,Mobile Wallet,Click-and-Collect,3002
100540,5,25/02/2024 19:20,5002,Voucher,Click-and-Collect,3002
100541,4,28/02/2024 07:53,5010,Card,In-Store,
100542,3,26/01/2024 08:30,5008,Voucher,Click-and-Collect,3004
100543,2,22/03/2024 07:51,5006,Cash,Click-and-Collect,3002
100544,3,16/01/2024 14:28,5004,Cash,In-Store,
100545,4,20/01/2024 15:27,5005,Card,Click-and-Collect,3004
100546,3,24/01/2024 16:19,5008,Cash,In-Store,
100547,2,12/03/2024 15:48,5005,Mobile Wallet,Click-and-Collect,
100548,2,14/01/2024 06:12,5008,Voucher,In-Store,3005
100549,5,28/02/2024 04:44,5006,Card,Click-and-Collect,
100550,5,26/03/2024 06:55,5010,Card,Click-and-Collect,3001
100551,2,27/01/2024 18:13,5008,Cash,In-Store,3003
100552,1,01/02/2024 01:34,5003,Mobile Wallet,In-Store,
100553,2,21/03/2024 12:55,5002,Mobile Wallet,Click-and-Collect,
100554,1,29/01/2024 19:19,5001,Card,Click-and-Collect,3003
100555,4,14/02/2024 20:47,5010,Voucher,In-Store,3002
100556,4,03/03/2024 19:55,5004,Voucher,Click-and-Collect,
100557,5,16/02/2024 04:16,5001,Voucher,Click-and-Collect,3005
100558,3,18/02/2024 05:49,5008,Voucher,In-Store,
100559,5,28/01/2024 15:52,5010,Voucher,In-Store,3003
100560,1,22/03/2024 18:38,5009,Mobile Wallet,Click-and-Collect,
100561,5,23/03/2024 14:04,5006,Voucher,In-Store,
100562,3,19/02/2024 20:05,5001,Voucher,In-Store,3005
100563,4,09/02/2024 22:45,5002,Voucher,In-Store,
100564,1,03/03/2024 06:05,5004,Voucher,Click-and-Collect,
100565,4,12/03/2024 22:32,5001,Cash,In-Store,3003
100566,2,09/03/2024 13:25,5010,Voucher,Click-and-Collect,
100567,4,10/02/2024 17:07,5007,Voucher,In-Store,3001
100568,5,27/01/2024 19:02,5009,Cash,In-Store,3004
100569,4,30/01/2024 20:19,5007,Mobile Wallet,Click-and-Collect,
100570,1,14/03/2024 03:13,5006,Voucher,In-Store,3001
100571,4,29/01/2024 09:17,5009,Voucher,Click-and-Collect,3001
100572,5,22/01/2024 03:58,5006,Card,Click-and-Collect,
100573,4,19/02/2024 14:11,5010,Mobile Wallet,In-Store,3005
100574,2,15/01/2024 09:01,5009,Card,In-Store,3005
100575,2,06/01/2024 19:34,5003,Card,Click-and-Collect,3005
100576,2,26/02/2024 04:55,5005,Cash,In-Store,3003
100577,4,19/03/2024 23:22,5007,Cash,In-Store,3003
100578,5,24/01/2024 13:47,5010,Mobile Wallet,In-Store,3001
100579,4,24/02/2024 12:44,5010,Mobile Wallet,Click-and-Collect,3002
100580,2,06/01/2024 16:14,5002,Card,In-Store,
100581,3,29/03/2024 22:47,5010,Cash,In-Store,3005
100582,2,08/01/2024 22:07,5003,Card,In-Store,
100583,1,22/03/2024 15:05,5002,Card,In-Store,
100584,2,24/03/2024 10:39,5009,Cash,Click-and-Collect,3001
100585,5,27/02/2024 13:51,5007,Mobile Wallet,Click-and-Collect,3003
100586,1,20/01/2024 09:51,5010,Cash,Click-and-Collect,3003
100587,3,08/02/2024 12:14,5010,Card,Click-and-Collect,
100588,2,10/01/2024 13:55,5004,Cash,In-Store,
100589,5,20/03/2024 12:35,5007,Cash,Click-and-Collect,
100590,2,18/03/2024 15:19,5007,Voucher,Click-and-Collect,
100591,2,04/03/2024 09:47,5003,Cash,In-Store,
100592,1,11/03/2024 02:28,5002,Mobile Wallet,In-Store,3001
100593,4,20/03/2024 07:45,5006,Cash,In-Store,
100594,4,04/03/2024 05:13,5009,Cash,In-Store,
100595,3,13/02/2024 05:53,5002,Card,Click-and-Collect,3005
100596,3,05/03/2024 16:19,5010,Cash,In-Store,3001
100597,3,28/01/2024 22:27,5005,Card,In-Store,3004
100598,4,03/02/2024 11:57,5010,Mobile Wallet,Click-and-Collect,3002
100599,5,09/03/2024 22:14,5009,Voucher,Click-and-Collect,
100600,1,18/02/2024 16:24,5004,Card,In-Store,3003
100601,1,30/03/2024 18:28,5002,Card,Click-and-Collect,
100602,4,25/02/2024 01:43,5001,Mobile Wallet,Click-and-Collect,
100603,5,14/03/2024 10:27,5002,Cash,Click-and-Collect,3004
100604,3,17/01/2024 20:37,5007,Voucher,Click-and-Collect,
100605,4,16/02/2024 04:55,5007,Voucher,Click-and-Collect,
100606,4,05/03/2024 21:42,5005,Mobile Wallet,Click-and-Collect,3005
100607,2,17/02/2024 02:28,5008,Cash,In-Store,3003
100608,4,20/01/2024 20:47,5004,Mobile Wallet,Click-and-Collect,3003
100609,4,18/03/2024 17:53,5002,Mobile Wallet,In-Store,
100610,5,26/03/2024 08:36,5005,Voucher,Click-and-Collect,
100611,3,04/01/2024 05:45,5010,Voucher,In-Store,3003
100612,3,26/03/2024 16:51,5004,Mobile Wallet,Click-and-Collect,
100613,3,27/03/2024 01:05,5006,Cash,In-Store,3002
100614,2,07/03/2024 04:41,5001,Card,In-Store,3001
100615,1,29/02/2024 21:01,5005,Voucher,In-Store,3002
100616,1,04/03/2024 19:50,5004,Mobile Wallet,In-Store,
100617,2,28/02/2024 04:58,5007,Card,In-Store,3002
100618,5,01/01/2024 01:36,5008,Mobile Wallet,Click-and-Collect,3002
100619,3,30/01/2024 16:16,5006,Mobile Wallet,Click-and-Collect,3003
100620,3,13/03/2024 15:23,5008,Card,In-Store,3005
100621,3,20/02/2024 22:05,5008,Card,In-Store,3001
100622,1,23/01/2024 21:07,5009,Voucher,In-Store,
100623,5,20/01/2024 18:22,5004,Cash,Click-and-Collect,
100624,2,10/01/2024 07:07,5010,Voucher,In-Store,
100625,4,19/02/2024 12:59,5007,Mobile Wallet,Click-and-Collect,
100626,1,25/02/2024 08:31,5009,Mobile Wallet,In-Store,3001
100627,1,06/03/2024 00:28,5004,Voucher,In-Store,3005
100628,2,09/02/2024 09:54,5001,Cash,In-Store,
100629,5,13/03/2024 16:27,5005,Voucher,Click-and-Collect,3005
100630,4,12/03/2024 19:37,5007,Card,In-Store,
100631,3,18/03/2024 04:05,5010,Voucher,In-Store,3004
100632,3,06/03/2024 09:19,5004,Card,In-Store,
100633,3,10/03/2024 07:57,5001,Cash,In-Store,3001
100634,2,08/03/2024 22:11,5004,Voucher,Click-and-Collect,3005
100635,3,28/03/2024 12:20,5007,Cash,Click-and-Collect,3001
100636,2,22/03/2024 07:13,5002,Cash,Click-and-Collect,3003
100637,1,17/02/2024 21:08,5007,Voucher,Click-and-Collect,3005
100638,2,18/03/2024 08:04,5009,Card,In-Store,3001
100639,2,03/02/2024 16:36,5006,Voucher,In-Store,
100640,4,08/01/2024 02:32,5005,Card,Click-and-Collect,3003
100641,3,17/02/2024 15:25,5003,Card,Click-and-Collect,
100642,1,10/03/2024 01:19,5002,Cash,Click-and-Collect,
100643,3,01/01/2024 00:46,5004,Mobile Wallet,Click-and-Collect,
100644,5,12/03/2024 13:17,5008,Cash,In-Store,
100645,2,24/01/2024 20:38,5008,Cash,Click-and-Collect,3001
100646,3,22/02/2024 05:56,5004,Cash,Click-and-Collect,3005
100647,1,12/03/2024 23:47,5006,Mobile Wallet,In-Store,
100648,1,07/03/2024 03:06,5003,Cash,Click-and-Collect,3001
100649,5,09/03/2024 08:09,5009,Mobile Wallet,In-Store,3005
100650,3,11/01/2024 03:05,5002,Voucher,Click-and-Collect,3004
100651,1,29/02/2024 11:47,5001,Mobile Wallet,In-Store,3002
100652,4,21/01/2024 17:51,5009,Voucher,In-Store,
100653,4,25/01/2024 10:33,5005,Card,In-Store,3002
100654,2,05/03/2024 02:02,5002,Mobile Wallet,Click-and-Collect,
100655,5,01/02/2024 07:24,5001,Card,Click-and-Collect,3004
100656,4,24/01/2024 14:32,5010,Card,In-Store,3001
100657,3,25/03/2024 12:52,5004,Cash,In-Store,3003
100658,4,03/01/2024 01:25,5005,Mobile Wallet,In-Store,3004
100659,4,01/02/2024 04:27,5009,Card,In-Store,
100660,3,01/01/2024 02:01,5009,Mobile Wallet,In-Store,3004
100661,3,23/03/2024 13:50,5004,Mobile Wallet,In-Store,3004
100662,4,05/01/2024 13:34,5001,Voucher,Click-and-Collect,
100663,4,11/01/2024 21:24,5007,Cash,In-Store,3002
100664,4,23/02/2024 22:36,5002,Card,In-Store,3005
100665,3,29/01/2024 20:34,5005,Card,Click-and-Collect,3002
100666,2,15/01/2024 06:33,5002,Card,Click-and-Collect,
100667,4,10/03/2024 18:43,5006,Card,Click-and-Collect,
100668,3,01/02/2024 13:30,5003,Card,In-Store,
100669,3,19/02/2024 05:06,5005,Mobile Wallet,Click-and-Collect,3004
100670,4,17/03/2024 03:24,5002,Card,Click-and-Collect,3001
100671,3,22/01/2024 06:12,5008,Card,In-Store,
100672,1,15/01/2024 05:25,5001,Cash,In-Store,3002
100673,3,05/03/2024 07:51,5001,Voucher,In-Store,
100674,2,21/01/2024 17:27,5002,Mobile Wallet,In-Store,3003
100675,1,26/01/2024 15:50,5008,Card,In-Store,3003
100676,1,30/03/2024 08:23,5002,Card,Click-and-Collect,3005
100677,3,10/03/2024 02:54,5004,Voucher,Click-and-Collect,3003
100678,3,14/01/2024 03:27,5006,Cash,In-Store,3004
100679,2,10/03/2024 10:58,5008,Cash,Click-and-Collect,3002
100680,1,31/01/2024 07:39,5005,Voucher,In-Store,
100681,2,23/01/2024 18:38,5004,Card,Click-and-Collect,
100682,2,13/03/2024 01:55,5010,Mobile Wallet,In-Store,
100683,2,27/03/2024 02:40,5006,Mobile Wallet,In-Store,3004
100684,3,10/03/2024 13:31,5007,Mobile Wallet,Click-and-Collect,3005
100685,4,14/01/2024 02:22,5006,Voucher,In-Store,3001
100686,3,07/01/2024 08:55,5005,Cash,Click-and-Collect,
100687,1,14/03/2024 09:13,5004,Voucher,In-Store,3001
100688,4,11/03/2024 22:12,5006,Mobile Wallet,Click-and-Collect,3002
100689,4,22/02/2024 17:01,5004,Voucher,In-Store,
100690,2,07/01/2024 13:02,5009,Cash,In-Store,3001
100691,4,28/03/2024 20:57,5005,Cash,Click-and-Collect,3005
100692,3,02/02/2024 15:26,5006,Mobile Wallet,Click-and-Collect,3003
100693,4,04/02/2024 10:38,5005,Voucher,Click-and-Collect,3004
100694,4,14/02/2024 11:18,5010,Card,Click-and-Collect,3005
100695,5,11/01/2024 17:13,5001,Card,In-Store,
100696,3,28/01/2024 07:35,5010,Voucher,In-Store,
100697,2,18/02/2024 23:34,5008,Card,In-Store,3003
100698,5,02/02/2024 03:29,5008,Cash,Click-and-Collect,3005
100699,4,18/01/2024 14:12,5007,Voucher,Click-and-Collect,3003
100700,2,11/03/2024 21:19,5005,Mobile Wallet,In-Store,
100701,2,14/02/2024 18:59,5003,Mobile Wallet,Click-and-Collect,
100702,5,02/03/2024 18:42,5004,Voucher,Click-and-Collect,3005
100703,5,17/03/2024 03:05,5009,Mobile Wallet,Click-and-Collect,3004
100704,5,27/03/2024 23:36,5004,Card,Click-and-Collect,3001
100705,1,27/01/2024 20:38,5009,Card,In-Store,3001
100706,1,19/01/2024 07:58,5003,Mobile Wallet,Click-and-Collect,3001
100707,5,05/02/2024 04:01,5008,Card,Click-and-Collect,3004
100708,4,17/01/2024 07:38,5008,Voucher,In-Store,
100709,5,30/03/2024 22:15,5009,Mobile Wallet,Click-and-Collect,3005
100710,1,24/01/2024 17:46,5006,Card,Click-and-Collect,3004
100711,1,08/03/2024 00:36,5006,Voucher,In-Store,3003
100712,2,06/01/2024 09:13,5002,Mobile Wallet,In-Store,3002
100713,4,01/01/2024 23:29,5005,Voucher,Click-and-Collect,3002
100714,1,17/03/2024 00:08,5002,Mobile Wallet,In-Store,3003
100715,3,07/01/2024 00:38,5004,Mobile Wallet,Click-and-Collect,
100716,3,10/03/2024 11:27,5003,Card,Click-and-Collect,
100717,4,09/03/2024 00:38,5008,Card,In-Store,3003
100718,2,11/01/2024 13:40,5008,Voucher,Click-and-Collect,3001
100719,3,05/03/2024 06:20,5007,Voucher,Click-and-Collect,3005
100720,3,30/03/2024 12:04,5009,Voucher,In-Store,3001
100721,2,23/01/2024 09:46,5003,Voucher,Click-and-Collect,3004
100722,3,23/02/2024 08:58,5008,Mobile Wallet,In-Store,3003
100723,5,22/01/2024 17:26,5006,Mobile Wallet,In-Store,3004
100724,5,01/03/2024 18:11,5006,Card,In-Store,3005
100725,5,01/03/2024 17:21,5003,Card,In-Store,3001
100726,1,04/03/2024 04:30,5009,Card,Click-and-Collect,
100727,3,07/02/2024 01:16,5010,Voucher,Click-and-Collect,3001
100728,4,16/03/2024 11:27,5006,Cash,In-Store,3005
100729,5,20/01/2024 09:02,5008,Mobile Wallet,Click-and-Collect,3003
100730,1,16/02/2024 12:09,5003,Mobile Wallet,In-Store,
100731,1,26/03/2024 02:06,5008,Voucher,In-Store,3003
100732,4,21/03/2024 16:50,5002,Mobile Wallet,In-Store,3005
100733,3,10/02/2024 15:20,5009,Card,Click-and-Collect,
100734,1,11/03/2024 18:29,5007,Voucher,Click-and-Collect,
100735,4,15/01/2024 02:55,5010,Mobile Wallet,In-Store,
100736,5,20/01/2024 17:15,5005,Cash,In-Store,3003
100737,4,26/01/2024 06:10,5001,Voucher,Click-and-Collect,3002
100738,5,06/01/2024 05:43,5004,Mobile Wallet,In-Store,
100739,5,07/01/2024 13:33,5006,Cash,Click-and-Collect,
100740,4,18/03/2024 09:40,5004,Mobile Wallet,Click-and-Collect,3005
100741,5,02/02/2024 14:58,5008,Cash,In-Store,3003
100742,1,28/03/2024 19:08,5002,Cash,In-Store,3001
100743,5,20/03/2024 01:25,5007,Card,Click-and-Collect,3004
100744,1,01/03/2024 20:07,5009,Card,In-Store,3002
100745,1,10/03/2024 03:13,5006,Voucher,Click-and-Collect,3005
100746,3,12/01/2024 23:54,5006,Card,Click-and-Collect,3001
100747,3,29/01/2024 00:37,5009,Card,In-Store,3004
100748,4,29/02/2024 01:07,5010,Voucher,Click-and-Collect,3002
100749,5,14/03/2024 13:41,5003,Cash,In-Store,
100750,5,15/03/2024 17:12,5010,Cash,In-Store,3001
100751,2,15/01/2024 01:05,5005,Card,Click-and-Collect,3004
100752,5,15/02/2024 07:53,5001,Mobile Wallet,In-Store,3005
100753,4,11/02/2024 21:49,5002,Cash,Click-and-Collect,
100754,1,02/01/2024 02:41,5004,Cash,Click-and-Collect,3003
100755,2,19/03/2024 22:51,5010,Voucher,In-Store,3005
100756,5,14/02/2024 11:20,5003,Card,In-Store,3005
100757,5,08/03/2024 05:28,5001,Voucher,Click-and-Collect,
100758,3,31/01/2024 22:28,5001,Mobile Wallet,In-Store,3003
100759,5,08/03/2024 01:22,5005,Cash,Click-and-Collect,3003
100760,3,28/01/2024 18:37,5002,Cash,In-Store,
100761,1,22/03/2024 13:46,5002,Voucher,Click-and-Collect,
100762,2,15/01/2024 03:54,5004,Mobile Wallet,Click-and-Collect,3003
100763,4,18/01/2024 23:24,5004,Cash,Click-and-Collect,
100764,1,21/01/2024 09:21,5006,Card,In-Store,3001
100765,5,01/02/2024 19:09,5003,Mobile Wallet,Click-and-Collect,
100766,2,23/01/2024 03:12,5010,Mobile Wallet,In-Store,3005
100767,4,08/01/2024 01:13,5008,Card,Click-and-Collect,3003
100768,5,05/02/2024 09:29,5002,Cash,Click-and-Collect,3004
100769,3,04/03/2024 15:59,5003,Cash,Click-and-Collect,
100770,1,24/02/2024 17:18,5004,Card,Click-and-Collect,
100771,1,14/01/2024 03:22,5004,Cash,In-Store,3001
100772,4,28/01/2024 05:11,5003,Mobile Wallet,In-Store,
100773,3,05/03/2024 11:32,5007,Voucher,In-Store,3003
100774,4,22/02/2024 01:23,5008,Card,Click-and-Collect,
100775,1,08/03/2024 15:19,5008,Voucher,Click-and-Collect,
100776,5,16/03/2024 22:13,5006,Voucher,In-Store,3005
100777,5,28/02/2024 19:26,5006,Cash,In-Store,
100778,1,09/02/2024 06:36,5007,Cash,Click-and-Collect,
100779,4,24/03/2024 11:48,5002,Voucher,In-Store,3004
100780,2,13/03/2024 18:15,5001,Mobile Wallet,Click-and-Collect,3003
100781,5,06/02/2024 22:24,5004,Cash,In-Store,3003
100782,5,13/01/2024 13:55,5002,Mobile Wallet,In-Store,
100783,4,29/02/2024 12:37,5003,Card,Click-and-Collect,3004
100784,1,20/02/2024 10:48,5006,Card,Click-and-Collect,3001
100785,4,18/03/2024 14:21,5009,Voucher,Click-and-Collect,3002
100786,1,18/03/2024 11:44,5008,Mobile Wallet,Click-and-Collect,
100787,4,08/03/2024 23:05,5002,Card,In-Store,3005
100788,1,02/01/2024 14:51,5006,Cash,Click-and-Collect,
100789,4,26/03/2024 00:13,5001,Mobile Wallet,In-Store,3005
100790,3,05/02/2024 05:51,5009,Card,In-Store,
100791,3,27/01/2024 23:49,5008,Mobile Wallet,Click-and-Collect,3005
100792,1,09/02/2024 13:39,5009,Voucher,Click-and-Collect,3005
100793,3,21/02/2024 23:11,5002,Mobile Wallet,In-Store,
100794,1,18/02/2024 04:31,5010,Cash,In-Store,3004
100795,2,27/01/2024 03:29,5004,Card,Click-and-Collect,
100796,5,08/02/2024 01:53,5005,Mobile Wallet,In-Store,
100797,2,23/03/2024 01:21,5003,Card,In-Store,
100798,5,31/01/2024 18:09,5001,Card,In-Store,3005
100799,1,30/03/2024 21:16,5001,Card,In-Store,3002
100800,3,01/02/2024 07:11,5004,Card,Click-and-Collect,
100801,1,14/03/2024 06:17,5006,Mobile Wallet,In-Store,3003
100802,4,14/01/2024 19:08,5003,Mobile Wallet,In-Store,3001
100803,1,15/03/2024 23:13,5010,Voucher,In-Store,
100804,1,02/02/2024 13:55,5006,Voucher,In-Store,3001
100805,3,09/03/2024 20:16,5001,Voucher,Click-and-Collect,
100806,2,25/03/2024 04:42,5006,Voucher,In-Store,
100807,1,27/02/2024 04:19,5002,Cash,Click-and-Collect,3002
100808,2,17/03/2024 16:19,5001,Card,In-Store,3004
100809,4,15/01/2024 08:29,5003,Mobile Wallet,In-Store,3002
100810,3,05/01/2024 14:11,5009,Mobile Wallet,In-Store,3003
100811,1,23/01/2024 13:39,5001,Card,In-Store,
100812,5,01/02/2024 06:01,5009,Mobile Wallet,In-Store,3001
100813,2,09/03/2024 22:26,5002,Voucher,Click-and-Collect,3001
100814,4,18/02/2024 05:52,5009,Cash,In-Store,
100815,5,02/02/2024 04:25,5005,Mobile Wallet,In-Store,
100816,2,23/02/2024 02:44,5004,Mobile Wallet,Click-and-Collect,3005
100817,4,24/01/2024 19:51,5002,Cash,Click-and-Collect,
100818,5,14/02/2024 00:56,5004,Cash,Click-and-Collect,3005
100819,4,02/01/2024 21:11,5006,Mobile Wallet,Click-and-Collect,3005
100820,3,24/03/2024 18:30,5009,Cash,Click-and-Collect,3001
100821,1,25/03/2024 15:48,5010,Card,In-Store,
100822,3,13/01/2024 10:01,5001,Card,Click-and-Collect,3002
100823,5,15/01/2024 01:01,5003,Voucher,Click-and-Collect,3003
100824,1,30/01/2024 03:08,5003,Card,In-Store,
100825,5,02/02/2024 16:20,5002,Voucher,In-Store,
100826,1,14/02/2024 10:47,5005,Cash,Click-and-Collect,3001
100827,1,13/02/2024 01:06,5006,Cash,In-Store,3005
100828,4,02/02/2024 21:07,5003,Mobile Wallet,Click-and-Collect,3003
100829,3,22/01/2024 05:54,5004,Mobile Wallet,In-Store,3002
100830,2,10/01/2024 21:05,5009,Mobile Wallet,Click-and-Collect,3002
100831,3,21/02/2024 08:13,5002,Mobile Wallet,In-Store,
100832,3,14/02/2024 14:07,5005,Cash,In-Store,3002
100833,4,24/03/2024 00:00,5009,Mobile Wallet,In-Store,
100834,3,24/01/2024 23:13,5008,Card,In-Store,3001
100835,5,05/03/2024 04:48,5002,Mobile Wallet,In-Store,
100836,4,29/03/2024 04:56,5005,Card,In-Store,3001
100837,4,21/01/2024 05:42,5002,Voucher,In-Store,
100838,2,14/03/2024 13:30,5005,Mobile Wallet,Click-and-Collect,3001
100839,1,16/03/2024 18:23,5006,Card,In-Store,
100840,2,09/02/2024 23:36,5003,Cash,Click-and-Collect,3004
100841,5,23/02/2024 18:41,5002,Mobile Wallet,In-Store,3003
100842,2,17/01/2024 19:23,5003,Mobile Wallet,Click-and-Collect,
100843,3,25/02/2024 04:59,5010,Card,In-Store,3004
100844,5,02/01/2024 09:20,5009,Voucher,In-Store,
100845,1,19/02/2024 10:42,5007,Mobile Wallet,In-Store,3005
100846,4,03/03/2024 03:41,5006,Mobile Wallet,In-Store,3004
100847,4,30/01/2024 11:49,5003,Cash,In-Store,3003
100848,5,03/01/2024 10:06,5004,Cash,In-Store,3001
100849,5,11/03/2024 08:14,5002,Voucher,Click-and-Collect,3001
100850,2,07/01/2024 18:56,5005,Cash,In-Store,3003
100851,2,04/01/2024 20:29,5003,Cash,Click-and-Collect,
100852,2,11/03/2024 09:36,5007,Voucher,In-Store,3002
100853,2,06/01/2024 00:06,5010,Cash,Click-and-Collect,3003
100854,1,24/02/2024 06:01,5009,Voucher,In-Store,3005
100855,5,21/03/2024 21:20,5010,Cash,Click-and-Collect,
100856,3,18/03/2024 04:31,5006,Cash,In-Store,
100857,1,07/02/2024 01:41,5010,Cash,Click-and-Collect,3001
100858,1,24/03/2024 22:50,5001,Card,Click-and-Collect,3002
100859,3,07/01/2024 15:21,5007,Voucher,Click-and-Collect,3004
100860,3,14/01/2024 15:27,5003,Cash,Click-and-Collect,
100861,1,12/03/2024 23:25,5003,Mobile Wallet,In-Store,3005
100862,1,24/01/2024 22:25,5006,Card,Click-and-Collect,
100863,2,09/03/2024 00:28,5006,Card,Click-and-Collect,3002
100864,1,15/01/2024 14:11,5010,Mobile Wallet,Click-and-Collect,3001
100865,4,06/01/2024 23:13,5006,Card,In-Store,3004
100866,1,07/03/2024 04:18,5005,Cash,Click-and-Collect,
100867,4,05/02/2024 21:22,5010,Voucher,Click-and-Collect,
100868,4,16/01/2024 06:30,5010,Card,Click-and-Collect,
100869,2,28/02/2024 15:09,5009,Card,Click-and-Collect,3005
100870,3,30/03/2024 12:37,5007,Voucher,Click-and-Collect,3001
100871,4,30/01/2024 22:05,5009,Voucher,In-Store,3003
100872,1,25/03/2024 02:52,5004,Voucher,In-Store,3004
100873,1,21/03/2024 05:33,5007,Mobile Wallet,In-Store,3001
100874,2,19/03/2024 00:55,5004,Card,Click-and-Collect,
100875,4,17/03/2024 04:25,5007,Mobile Wallet,In-Store,
100876,3,22/03/2024 04:54,5007,Voucher,Click-and-Collect,3004
100877,1,06/01/2024 06:31,5002,Mobile Wallet,In-Store,
100878,2,04/03/2024 13:22,5005,Mobile Wallet,In-Store,
100879,3,01/01/2024 10:45,5007,Card,Click-and-Collect,
100880,2,27/03/2024 01:51,5009,Mobile Wallet,Click-and-Collect,
100881,2,30/03/2024 04:35,5010,Mobile Wallet,Click-and-Collect,3005
100882,4,23/01/2024 06:48,5004,Cash,Click-and-Collect,3004
100883,1,15/01/2024 23:54,5005,Voucher,In-Store,3001
100884,1,01/01/2024 14:17,5006,Voucher,In-Store,3003
100885,5,17/02/2024 09:40,5006,Mobile Wallet,In-Store,3002
100886,4,15/02/2024 03:58,5007,Voucher,In-Store,
100887,1,22/02/2024 05:11,5007,Mobile Wallet,In-Store,3002
100888,4,22/01/2024 19:38,5001,Card,Click-and-Collect,
100889,4,06/01/2024 07:37,5006,Mobile Wallet,In-Store,
100890,2,23/03/2024 04:00,5009,Cash,Click-and-Collect,3002
100891,1,17/03/2024 12:23,5010,Cash,In-Store,3005
100892,3,01/03/2024 19:21,5001,Cash,In-Store,3002
100893,1,31/01/2024 16:02,5009,Cash,Click-and-Collect,3001
100894,4,13/01/2024 01:21,5005,Voucher,Click-and-Collect,
100895,4,26/01/2024 17:10,5008,Mobile Wallet,In-Store,3004
100896,2,27/01/2024 11:28,5010,Card,In-Store,3004
100897,4,19/01/2024 23:57,5001,Card,In-Store,
100898,4,06/02/2024 11:43,5009,Voucher,Click-and-Collect,3002
100899,5,19/01/2024 15:21,5002,Card,Click-and-Collect,
100900,3,07/01/2024 04:15,5003,Mobile Wallet,In-Store,3003
100901,3,26/03/2024 02:46,5009,Cash,Click-and-Collect,3005
100902,2,10/02/2024 01:18,5007,Mobile Wallet,In-Store,3005
100903,2,21/03/2024 09:01,5008,Mobile Wallet,In-Store,
100904,1,15/01/2024 12:14,5007,Card,In-Store,3005
100905,1,30/03/2024 16:28,5003,Cash,Click-and-Collect,3001
100906,5,18/01/2024 19:30,5002,Voucher,In-Store,3002
100907,1,13/03/2024 13:05,5002,Voucher,In-Store,
100908,1,28/02/2024 11:21,5003,Mobile Wallet,Click-and-Collect,
100909,2,10/03/2024 22:03,5009,Mobile Wallet,Click-and-Collect,
100910,4,22/01/2024 00:32,5008,Voucher,In-Store,3001
100911,2,04/03/2024 19:36,5006,Cash,In-Store,3001
100912,2,25/02/2024 17:55,5003,Mobile Wallet,In-Store,3002
100913,5,23/02/2024 13:56,5003,Mobile Wallet,In-Store,3004
100914,5,28/02/2024 17:11,5003,Cash,In-Store,
100915,1,26/03/2024 12:22,5007,Card,Click-and-Collect,
100916,3,20/03/2024 09:02,5004,Cash,In-Store,3002
100917,4,29/02/2024 05:57,5006,Cash,Click-and-Collect,3004
100918,5,15/03/2024 05:11,5001,Voucher,Click-and-Collect,3001
100919,3,08/03/2024 07:29,5004,Card,In-Store,3002
100920,5,14/03/2024 06:48,5004,Mobile Wallet,In-Store,
100921,1,12/01/2024 20:49,5010,Cash,In-Store,
100922,1,10/02/2024 14:00,5002,Mobile Wallet,In-Store,3001
100923,3,13/03/2024 12:44,5001,Mobile Wallet,In-Store,3001
100924,3,03/02/2024 10:02,5005,Cash,Click-and-Collect,3004
100925,3,29/02/2024 22:48,5003,Cash,In-Store,3005
100926,2,12/02/2024 11:55,5008,Voucher,In-Store,3004
100927,4,05/03/2024 08:29,5010,Mobile Wallet,In-Store,3003
100928,2,23/01/2024 13:20,5001,Cash,In-Store,3005
100929,4,13/01/2024 21:51,5005,Mobile Wallet,Click-and-Collect,3001
100930,1,29/02/2024 11:22,5005,Voucher,Click-and-Collect,3004
100931,5,12/03/2024 07:20,5005,Mobile Wallet,Click-and-Collect,3003
100932,3,29/03/2024 13:03,5001,Voucher,In-Store,3002
100933,5,09/01/2024 18:04,5002,Cash,In-Store,3003
100934,2,03/01/2024 05:21,5002,Mobile Wallet,In-Store,3004
100935,3,15/03/2024 03:12,5008,Cash,Click-and-Collect,3002
100936,5,25/03/2024 06:27,5003,Card,Click-and-Collect,
100937,1,18/02/2024 09:13,5005,Cash,In-Store,
100938,5,25/02/2024 01:47,5009,Voucher,Click-and-Collect,3003
100939,2,16/03/2024 16:49,5005,Cash,Click-and-Collect,3005
100940,4,24/03/2024 14:19,5008,Card,Click-and-Collect,
100941,5,10/01/2024 17:00,5010,Card,In-Store,3005
100942,5,04/03/2024 22:36,5010,Cash,In-Store,
100943,5,04/03/2024 19:06,5005,Voucher,In-Store,3004
100944,1,21/02/2024 09:18,5005,Cash,In-Store,3002
100945,1,12/03/2024 03:23,5007,Mobile Wallet,Click-and-Collect,3001
100946,1,08/01/2024 20:09,5009,Mobile Wallet,Click-and-Collect,3005
100947,3,13/02/2024 06:34,5009,Card,Click-and-Collect,3005
100948,3,21/01/2024 20:40,5007,Card,Click-and-Collect,3001
100949,5,08/03/2024 07:34,5003,Cash,Click-and-Collect,3001
100950,3,12/02/2024 20:44,5010,Card,Click-and-Collect,
100951,5,06/02/2024 06:07,5005,Mobile Wallet,In-Store,3001
100952,1,25/03/2024 03:15,5010,Mobile Wallet,In-Store,
100953,3,11/02/2024 19:31,5006,Mobile Wallet,Click-and-Collect,3002
100954,4,20/03/2024 19:49,5008,Mobile Wallet,Click-and-Collect,3004
100955,3,17/03/2024 02:40,5004,Mobile Wallet,In-Store,
100956,5,26/02/2024 08:20,5003,Mobile Wallet,In-Store,3001
100957,3,12/02/2024 16:38,5001,Mobile Wallet,Click-and-Collect,
100958,3,24/03/2024 01:28,5009,Card,Click-and-Collect,3004
100959,5,24/02/2024 15:42,5005,Cash,In-Store,3003
100960,3,22/01/2024 06:57,5004,Voucher,In-Store,3002
100961,3,19/01/2024 20:50,5006,Cash,Click-and-Collect,
100962,1,22/02/2024 02:43,5007,Cash,Click-and-Collect,
100963,3,21/01/2024 07:37,5001,Cash,In-Store,
100964,1,20/03/2024 17:23,5008,Cash,Click-and-Collect,3004
100965,2,24/02/2024 02:26,5004,Mobile Wallet,In-Store,
100966,3,18/03/2024 16:59,5003,Mobile Wallet,Click-and-Collect,
100967,1,12/02/2024 07:46,5010,Mobile Wallet,In-Store,
100968,1,27/03/2024 10:39,5010,Mobile Wallet,In-Store,
100969,4,27/01/2024 20:37,5007,Card,Click-and-Collect,3001
100970,3,08/01/2024 22:11,5006,Cash,In-Store,
100971,4,19/02/2024 19:43,5002,Cash,Click-and-Collect,3001
100972,1,28/02/2024 00:40,5010,Cash,In-Store,3004
100973,3,15/02/2024 15:58,5010,Voucher,In-Store,
100974,3,01/01/2024 06:19,5003,Card,Click-and-Collect,3004
100975,4,29/02/2024 05:01,5004,Voucher,Click-and-Collect,3003
100976,2,30/03/2024 20:50,5003,Cash,In-Store,
100977,3,06/03/2024 12:19,5008,Mobile Wallet,Click-and-Collect,
100978,2,03/01/2024 11:03,5008,Card,Click-and-Collect,3005
100979,5,15/03/2024 11:30,5003,Mobile Wallet,Click-and-Collect,
100980,4,06/02/2024 06:24,5008,Mobile Wallet,In-Store,
100981,1,17/01/2024 12:13,5010,Voucher,Click-and-Collect,
100982,4,18/03/2024 12:59,5003,Card,Click-and-Collect,
100983,4,11/01/2024 13:17,5006,Mobile Wallet,In-Store,3003
100984,3,19/02/2024 21:42,5005,Card,In-Store,3001
100985,2,12/01/2024 13:54,5006,Mobile Wallet,Click-and-Collect,3002
100986,2,13/03/2024 09:22,5006,Cash,In-Store,3002
100987,2,22/02/2024 12:39,5001,Card,In-Store,3003
100988,3,01/01/2024 01:15,5007,Cash,Click-and-Collect,3005
100989,5,22/02/2024 08:43,5002,Card,Click-and-Collect,
100990,1,31/01/2024 04:18,5002,Voucher,Click-and-Collect,3004
100991,2,31/01/2024 15:03,5004,Voucher,In-Store,3003
100992,3,03/02/2024 22:15,5004,Mobile Wallet,Click-and-Collect,3001
100993,1,03/01/2024 22:05,5008,Card,Click-and-Collect,3002
100994,4,28/02/2024 17:00,5001,Voucher,In-Store,3002
100995,1,25/02/2024 00:20,5004,Voucher,Click-and-Collect,
100996,1,20/02/2024 22:01,5002,Cash,In-Store,
100997,1,26/01/2024 15:28,5007,Voucher,Click-and-Collect,3004
100998,5,17/01/2024 07:34,5009,Voucher,In-Store,
100999,5,06/03/2024 04:47,5008,Card,In-Store,3004
