pos_receipt_id,line_number,product_id,quantity,unit_price,line_discount
90655,2,115,1,4.84,0.1
90143,5,755,1,4.55,0
90433,5,33,1,1.92,0.1
90617,2,28,2,4.72,0.5
90460,2,604,3,5.14,0
90715,3,433,3,2.75,0.1
90105,5,95,4,1.94,0.25
90271,4,827,1,4.78,0
90081,5,566,3,5.23,0.25
90197,3,722,1,1.71,0.1
90082,3,876,2,5.4,0.5
90465,2,651,3,2.23,0.25
90687,5,274,1,4.24,0.1
90747,5,251,2,3.58,0.25
90225,2,702,3,5.29,0
90842,2,33,3,3.31,0
90936,4,966,3,2.46,0.5
90906,2,937,4,2.14,0.1
90763,5,575,3,4.86,0.5
90409,5,371,2,5.99,0.1
90506,2,94,1,5.37,0.1
90812,4,697,4,4.18,0.5
90611,1,480,3,5.87,0
90699,1,907,3,4.96,0.25
90301,5,446,2,3.54,0.25
90781,5,183,1,5.42,0.25
90624,5,204,2,3.18,0.1
90977,1,798,1,4.2,0.5
90115,2,952,3,5.45,0.25
90060,1,247,1,1.89,0.5
90779,5,546,2,2.08,0.5
90170,3,272,4,5.84,0.1
90409,1,688,3,3.47,0.5
90254,5,231,1,3.02,0.1
90226,2,8,1,4.69,0
90070,5,928,1,5.37,0
90244,5,286,4,2.46,0.1
90591,2,485,2,5.03,0.5
90097,4,100,4,3.09,0.5
90885,1,747,1,4.53,0
90413,2,746,3,5.1,0
90197,3,195,4,2.13,0.1
90474,1,256,1,3.49,0
90668,2,554,1,5.86,0.1
90417,1,498,4,2.46,0.5
90169,4,389,1,5.93,0.25
90293,2,434,4,2.2,0.25
90992,1,60,1,4.87,0
90599,2,489,2,1.76,0
90071,4,610,1,4.54,0.1
90123,5,965,2,4.11,0
90084,3,430,3,5.71,0.1
90245,4,272,4,2.09,0.25
90324,1,952,1,1.54,0
90551,1,219,3,2.1,0.25
90901,5,251,3,2.78,0.5
90721,1,310,1,4.51,0.25
90962,5,900,2,2.69,0
90160,2,279,3,4.22,0.25
90704,1,650,3,3.77,0.25
90095,1,650,4,5.23,0
90342,2,790,2,4.37,0.25
90760,1,453,4,4.02,0
90968,5,905,2,3.96,0.25
90566,3,152,4,2.07,0.25
90921,2,956,1,5.55,0.1
90683,5,106,3,5.01,0.5
90768,4,159,2,5.39,0.1
90026,2,184,3,5.02,0.5
90274,4,164,1,3.22,0
90228,2,205,4,3.07,0.1
90025,1,676,2,3.29,0.25
90991,5,792,3,3.08,0.5
90340,2,962,1,2.02,0.25
90595,3,986,3,1.67,0.5
90747,4,806,3,3.46,0
90922,1,591,2,2.65,0.5
90533,3,948,2,3.14,0
90639,5,322,1,4.74,0.25
90317,5,683,4,2.97,0.25
90131,2,197,4,4.49,0.5
90631,3,583,3,3.33,0
90294,4,216,4,5.04,0.25
90453,1,453,2,3.8,0.1
90291,3,528,3,1.92,0.1
90231,2,826,2,2.16,0
90487,4,626,1,3.55,0.1
90507,1,410,2,2.16,0
90798,1,436,2,2.29,0.5
90571,5,256,1,3.55,0.5
90573,5,610,3,5.78,0.5
90835,2,737,4,5.24,0.5
90762,3,883,4,3.53,0.1
90785,4,797,4,4.32,0.25
90080,3,731,3,2.56,0.25
90915,4,554,1,2.12,0.1
90711,3,157,2,1.79,0.5
90556,4,478,4,1.78,0.5
90927,4,789,1,5.36,0.5
90007,4,966,3,2.84,0.5
90552,4,766,2,3.7,0.25
90498,2,30,4,3.01,0.5
90861,4,479,2,5.91,0
90607,2,578,1,1.88,0.5
90888,3,473,2,1.73,0.5
90217,3,466,3,3.02,0.5
90771,4,975,4,2.64,0
90020,2,768,1,6,0.25
90666,2,71,1,4.89,0.1
90860,1,21,2,2.57,0.5
90578,3,971,2,3.59,0.25
90172,3,621,1,5,0.1
90111,4,593,1,5.68,0.5
90965,1,733,2,1.84,0.1
90714,5,792,3,5.33,0
90802,1,43,3,3.9,0.25
90519,4,664,3,1.56,0.5
90109,2,444,3,4.36,0.5
90446,4,181,3,4.27,0.5
90447,1,846,3,2.95,0.1
90286,5,903,4,2.6,0.5
90625,3,685,4,3.01,0.5
90187,3,500,2,3.1,0.25
90287,1,902,3,4,0.1
90248,4,738,4,3.7,0.1
90662,1,729,4,3.52,0
90302,5,227,4,4.61,0.25
90378,3,485,3,3.41,0.25
90720,1,465,3,2.88,0.1
90739,2,198,3,2.04,0.1
90222,1,757,4,2.74,0.25
90853,3,199,3,2.52,0.1
90015,5,726,2,2.73,0
90300,1,715,2,4.37,0.5
90894,3,13,3,3.61,0.5
90189,1,989,1,2.64,0.5
90842,2,67,4,3.71,0
90153,1,831,3,1.88,0.1
90572,5,783,4,4.23,0.1
90390,3,462,4,2.84,0.5
90583,2,636,1,4.24,0
90641,2,217,3,4.47,0.1
90178,4,566,1,2.2,0.5
90706,3,609,4,2.81,0.1
90724,3,290,4,1.82,0.1
90807,2,811,2,3.41,0.1
90931,3,273,2,1.82,0.1
90610,3,767,3,3.48,0.5
90717,4,413,3,3.75,0.5
90083,5,613,1,5.5,0.25
90257,3,27,1,2.53,0
90591,3,42,2,3.62,0.5
90186,1,600,4,4.36,0.5
90482,2,357,4,3,0
90338,5,422,4,2.8,0.5
90038,1,466,1,2.92,0.25
90994,5,792,4,5.39,0
90474,5,424,1,2.34,0.25
90775,3,511,4,4.92,0.1
90563,1,135,3,3.47,0.5
90030,5,997,2,4.69,0.25
90015,4,566,4,1.92,0
90970,5,121,2,3.74,0.25
90723,2,280,4,5.26,0.5
90468,1,565,2,3.23,0.1
90283,1,792,4,3.03,0.25
90290,2,744,3,5.27,0.5
90458,4,552,4,3.05,0.5
90956,5,330,2,5.91,0.1
90393,4,240,4,1.7,0.5
90396,2,680,2,3.73,0
90515,1,989,3,5.41,0.5
90539,4,933,4,1.57,0.1
90892,3,671,2,1.84,0.25
90639,5,710,4,4.42,0.25
90390,5,978,3,4.32,0.5
90037,2,633,1,2.56,0.25
90765,4,93,4,5.9,0
90171,3,711,3,5.57,0
90816,2,58,3,3.11,0.5
90251,2,544,4,4.05,0.1
90180,4,81,4,4.29,0.1
90935,4,598,2,2.54,0.25
90262,3,683,1,5.55,0.5
90694,5,560,2,1.83,0.25
90307,3,655,4,4.61,0.5
90204,5,394,4,1.98,0.5
90368,1,589,3,5.97,0.25
90850,5,675,4,2.74,0
90764,5,509,3,4.99,0.1
90822,2,361,2,4.36,0.25
90644,1,100,1,2.89,0.5
90594,3,374,2,1.91,0.25
90766,5,426,2,2.4,0.25
90514,4,936,3,5.24,0.25
90991,1,826,3,4.86,0.25
90480,4,987,1,2.13,0.1
90991,1,867,3,1.91,0.5
90271,5,550,1,3.55,0.25
90391,4,843,3,1.99,0.1
90026,1,635,3,5.62,0.1
90651,4,844,4,5.59,0.25
90120,4,144,1,5.76,0.25
90119,4,100,2,5.49,0.1
90465,4,380,4,4.14,0.1
90671,1,102,4,4.27,0.25
90707,3,380,2,3.5,0.1
90102,1,703,3,3.95,0.25
90408,1,283,2,5.86,0.5
90679,2,218,1,1.73,0.25
90129,5,806,2,1.81,0.1
90222,5,833,2,2.98,0.1
90003,2,284,2,5.94,0.25
90113,2,677,1,2.09,0.25
90603,2,332,1,2.28,0
90760,4,432,1,4.86,0.5
90797,5,371,1,3.53,0.1
90045,1,745,3,3.56,0
90491,4,868,4,3.42,0
90730,3,932,4,1.83,0
90623,4,152,1,2.07,0.25
90612,1,544,3,3.54,0.5
90813,4,719,1,5.34,0.1
90463,4,910,2,3.36,0.5
90426,3,748,1,2.91,0.25
90384,1,977,2,4.59,0.5
90094,3,852,1,1.92,0
90832,1,134,1,4.14,0.25
90421,3,363,4,5.41,0
90615,2,320,3,1.97,0.1
90673,5,494,2,5.31,0.25
90377,5,118,3,4.08,0.5
90998,1,786,1,4.24,0.25
90185,1,280,3,5.65,0.25
90186,1,891,2,4.05,0.5
90146,4,759,1,1.91,0.1
90430,3,465,3,2.21,0.25
90796,2,965,1,5.48,0.1
90773,4,633,1,4.53,0.25
90678,3,435,4,4.23,0.5
90221,3,774,1,3.05,0
90695,1,695,4,3.87,0.25
90226,2,405,1,1.53,0.25
90786,1,141,3,2.8,0
90510,5,765,4,2.29,0.5
90721,4,236,3,1.82,0
90020,5,471,1,5.38,0.5
90415,1,727,4,2.8,0.5
90990,3,333,2,5.11,0.5
90091,5,448,1,2.59,0.5
90081,3,406,3,4.86,0.1
90798,5,173,1,3.8,0
90523,2,199,3,3.08,0.1
90106,1,150,3,2.39,0.1
90182,5,975,4,3.59,0.5
90659,2,651,3,5.39,0.25
90451,3,70,4,3.49,0.25
90606,4,58,3,3.78,0.25
90463,1,39,1,3.16,0.25
90661,4,885,1,4.27,0.5
90595,3,568,1,3.52,0.1
90620,1,488,2,5.81,0.5
90831,5,921,3,5.92,0
90662,4,177,1,2.61,0.5
90537,4,536,2,3.14,0.25
90419,3,794,3,4.56,0
90068,3,338,1,4.01,0.5
90259,3,742,2,3,0.1
90318,3,991,4,2.08,0
90573,4,386,3,5.16,0
90521,2,371,1,3.13,0.1
90350,2,971,4,2.36,0.1
90080,3,303,1,3.78,0
90898,2,785,2,4.19,0.1
90186,4,852,2,4.75,0
90374,4,693,2,5.86,0.25
90240,2,547,2,2.89,0.5
90377,4,695,4,3.58,0.25
90515,5,541,4,5.85,0.1
90142,3,894,3,1.73,0.5
90568,3,957,1,4.7,0
90086,4,782,2,2.73,0.1
90094,1,970,2,5.18,0.25
90425,4,55,4,3.76,0.1
90084,3,384,2,1.63,0
90811,2,150,2,1.67,0.5
90778,1,723,4,3.52,0
90020,1,263,2,5.26,0.5
90795,2,296,2,2.86,0
90430,5,655,4,1.78,0.5
90549,4,17,2,4.73,0.25
90002,2,630,3,2.58,0.5
90681,1,685,1,3.86,0.25
90977,1,539,1,3.26,0.5
90651,3,397,3,2.64,0
90808,5,70,3,2.59,0
90753,5,775,3,2.1,0.25
90347,4,834,2,5.24,0.5
90647,1,187,2,1.78,0.5
90301,3,207,1,5.06,0
90956,3,318,4,5.95,0.5
90038,3,772,2,2.79,0
90280,4,128,3,3.47,0.5
90917,4,980,4,3.03,0.1
90709,1,510,3,5.66,0.25
90745,5,435,1,3.44,0.1
90301,3,329,1,1.86,0.25
90457,3,618,4,2.25,0.5
90458,3,44,3,4.27,0.5
90655,3,811,1,1.84,0.5
90526,5,821,2,5.79,0.1
90695,2,801,4,1.66,0
90798,5,661,3,3.13,0
90158,4,696,4,5.77,0.25
90782,3,79,2,3.88,0.5
90666,2,286,2,5.82,0
90512,3,531,4,5.61,0
90794,4,267,4,2.47,0.25
90205,2,126,2,5.34,0.5
90921,3,731,4,5.99,0.25
90727,2,67,3,5.51,0.1
90813,2,371,2,2.05,0.1
90243,4,810,4,1.62,0.25
90823,1,565,2,4.25,0
90317,5,408,4,3.87,0.5
90076,4,129,3,4.39,0.5
90697,2,530,3,2.08,0.1
90444,3,515,1,5.24,0.1
90169,3,166,3,5.71,0.1
90971,2,964,3,5.31,0.25
90651,5,980,3,2.06,0.25
90547,2,96,2,4.16,0.1
90675,1,640,3,5.29,0
90084,5,47,3,4.43,0.5
90655,3,32,4,5.5,0.25
90495,1,251,4,2.84,0
90162,3,451,4,3.68,0.1
90622,3,148,3,5.38,0.25
90999,3,409,2,4.92,0
90248,2,478,1,2.7,0.1
90100,2,52,3,5.75,0.5
90986,2,887,2,5.16,0.25
90782,4,164,4,5.98,0.5
90901,5,316,4,1.6,0.5
90469,1,990,2,2.47,0.25
90052,3,289,4,4.19,0.5
90550,3,9,1,3.44,0.25
90783,5,413,3,1.7,0
90576,4,200,3,3.99,0
90517,2,462,3,5.21,0
90999,5,100,4,3.18,0.25
90962,5,375,2,2.4,0.5
90042,4,47,1,2.12,0.25
90532,3,468,2,4.23,0.1
90954,5,628,3,2.23,0.25
90345,4,520,4,4.69,0.25
90836,4,18,3,2.99,0
90598,5,316,1,4.19,0.25
90592,5,234,1,4.13,0.1
90645,1,739,4,2.16,0.1
90587,3,971,1,2.36,0.5
90429,5,156,4,4.61,0.5
90794,2,627,4,5.43,0
90532,5,213,3,5.99,0.5
90386,5,322,2,3.57,0.25
90363,2,693,3,4.25,0.1
90286,3,572,3,2.51,0.25
90722,5,213,4,2.93,0.25
90957,4,957,3,2.8,0.5
90839,1,354,2,2.81,0.25
90355,2,947,4,4.45,0.5
90207,2,848,3,5.7,0.25
90112,2,631,2,2.59,0.1
90054,1,103,4,2.99,0.5
90698,4,790,2,1.52,0.1
90669,3,958,4,3.65,0.1
90329,5,293,1,5.59,0
90238,4,548,1,5.61,0.1
90904,4,858,2,5.7,0
90807,1,508,2,5.71,0.25
90010,3,306,1,5.68,0.25
90466,5,657,4,5.5,0.1
90480,2,280,2,5.14,0.25
90749,3,470,3,4.73,0
90810,4,303,2,2.29,0.5
90528,2,336,1,3.3,0
90144,3,489,3,5.71,0
90393,3,242,4,4.89,0.25
90597,2,741,1,2.68,0.25
90064,4,684,1,3.59,0.1
90703,3,515,3,4.61,0.25
90630,2,227,2,5.81,0.5
90466,5,766,3,3.37,0.5
90822,5,681,2,4.93,0
90458,1,541,3,1.85,0
90849,2,561,2,4.08,0.1
90336,5,875,4,2.02,0.1
90501,2,94,4,5.14,0.5
90526,3,426,4,4.04,0.5
90741,2,23,4,2.65,0
90593,5,75,1,3.41,0
90062,1,958,1,5.94,0.5
90294,3,419,2,4.96,0.5
90913,4,392,4,5.41,0.5
90083,1,700,2,4.44,0.25
90183,1,551,4,3.88,0.1
90775,5,24,3,3.58,0.5
90389,2,844,2,2.61,0.25
90283,5,194,1,1.64,0.5
90785,1,959,1,2.58,0
90609,2,35,4,4.19,0
90759,1,46,4,3.48,0.1
90144,5,516,3,2.55,0.25
90613,5,792,3,2.57,0.1
90227,4,424,3,2.74,0.1
90570,5,508,1,5.88,0.5
90327,4,714,4,3.34,0.25
90189,3,773,4,2.58,0.1
90879,5,725,2,5.13,0
90423,4,992,4,4.01,0.1
90249,4,262,2,2.99,0
90868,1,380,1,3.91,0.1
90275,5,387,1,5.43,0.1
90742,3,688,2,3.66,0.25
90980,1,931,1,2.45,0.1
90765,4,773,4,5.61,0.1
90938,4,246,3,4.99,0.5
90547,5,665,3,2.89,0.25
90904,3,510,4,1.94,0.5
90937,5,209,3,2.91,0
90885,3,227,2,1.57,0.5
90157,4,201,3,2.54,0.1
90564,4,671,3,2.66,0.5
90472,2,173,3,2.26,0.5
90939,1,911,1,3.86,0
90783,1,7,4,2.12,0.1
90725,3,155,1,2.48,0.5
90062,1,633,4,4.47,0
90545,5,565,4,1.55,0.25
90294,1,18,4,5.13,0.1
90941,3,99,2,2.58,0.25
90274,4,815,4,1.86,0.5
90579,1,250,2,2.85,0
90096,1,416,4,3.2,0.5
90653,3,10,2,1.87,0.5
90580,2,879,1,5.53,0
90217,3,923,4,2.72,0
90921,1,557,1,2.31,0.25
90985,1,213,2,4.89,0.5
90307,5,167,2,4.05,0.5
90340,5,394,2,5.06,0
90764,2,998,3,1.74,0.5
90859,3,78,3,4.22,0.5
90031,4,650,3,5.03,0.5
90234,1,365,4,3.44,0.5
90791,1,634,3,5.09,0
90275,4,158,4,4.7,0.1
90325,4,370,1,1.91,0.25
90369,2,780,3,1.96,0
90442,3,460,4,1.96,0
90568,3,96,3,5.39,0
90424,5,398,1,4.76,0.1
90534,3,174,4,2.26,0.25
90275,3,505,2,1.78,0.5
90432,3,307,4,5.02,0.25
90967,4,253,4,4.17,0.1
90110,3,139,3,1.53,0.5
90862,4,636,4,5.12,0.25
90343,4,441,2,2.85,0.1
90322,4,182,4,5.86,0.25
90991,4,590,2,2.97,0.25
90374,5,117,2,4.17,0.1
90028,4,976,4,5.74,0.1
90817,4,299,1,5.19,0.5
90143,4,649,3,2.59,0.1
90809,5,387,1,3.52,0.5
90411,5,548,4,3.95,0.25
90609,3,654,1,1.99,0.1
90171,3,663,1,4.03,0.5
90989,3,816,4,1.98,0
90228,4,523,2,3.51,0.5
90791,4,696,2,3.05,0
90108,1,303,4,5.64,0
90852,4,964,2,3.07,0.25
90804,4,212,4,3.07,0
90740,1,714,4,2.94,0.25
90830,1,728,1,1.6,0.25
90694,5,820,2,5.68,0.1
90179,4,566,2,2.99,0.5
90238,4,817,4,4.33,0.1
90406,4,30,2,3.52,0.5
90005,5,722,2,2.43,0
90105,4,819,2,3.15,0.1
90117,5,269,4,3.87,0.25
90398,3,626,4,4.14,0.25
90866,5,469,2,5.16,0.25
90605,3,87,2,2.91,0.1
90120,4,188,3,4.62,0.5
90611,5,142,4,3.4,0.5
90711,3,942,2,4,0.5
90144,3,192,3,5.29,0
90975,5,10,4,2.11,0.5
90518,4,669,4,3.34,0.5
90728,5,861,4,3.7,0
90032,2,815,2,2.81,0.25
90551,5,296,2,5.01,0.5
90524,5,116,1,2.71,0.25
90843,5,775,1,4.92,0.5
90224,3,436,1,4.81,0.1
90896,4,34,4,2.68,0
90887,5,121,2,2.44,0.25
90648,2,439,2,4.27,0.1
90825,3,61,3,3.9,0.1
90721,2,300,3,4.08,0
90986,2,769,4,5.63,0.25
90719,2,887,2,2.62,0.25
90780,4,864,4,3.7,0.25
90385,4,463,1,4.35,0
90528,4,768,3,4.63,0.25
90974,4,500,3,4.12,0
90651,2,681,3,5.33,0.5
90992,3,440,2,3.73,0.25
90346,3,561,2,4.05,0.5
90916,1,699,1,1.71,0.5
90128,4,952,2,3.49,0
90208,2,706,2,5.47,0.25
90896,3,956,3,1.92,0.25
90085,2,381,2,1.73,0.25
90440,2,672,1,4.67,0
90489,1,80,2,4.17,0.5
90009,2,713,3,5.18,0.5
90490,1,73,2,3.22,0
90321,2,377,3,2.12,0.1
90071,4,544,1,4.25,0.1
90360,4,740,2,4.33,0.1
90631,1,704,4,5.37,0
90144,3,771,1,4.15,0.5
90987,3,440,3,5.06,0.1
90661,1,87,2,3.99,0.25
90869,4,868,3,2.42,0.1
90303,4,662,1,5.03,0.1
90396,5,116,2,3.75,0
90911,4,13,3,5.7,0.1
90882,4,860,4,3.14,0.1
90978,1,789,1,1.58,0
90269,5,221,1,5.65,0.5
90294,1,644,4,3.41,0.5
90656,1,550,2,2.75,0.25
90524,5,944,2,5.88,0.1
90335,2,401,1,2.9,0.5
90060,4,251,1,5.66,0
90627,1,624,1,2.89,0.1
90013,4,725,2,4.66,0.1
90976,3,356,3,2.25,0.1
90751,3,908,1,4.97,0
90827,5,440,3,3.86,0.25
90643,1,79,4,3.55,0.25
90512,1,880,2,3.15,0.25
90916,1,588,1,2.53,0
90880,3,884,1,2.6,0.5
90393,5,943,2,2.31,0
90823,4,936,4,2.51,0.1
90938,5,738,3,2.72,0
90382,4,123,1,2.31,0
90071,3,899,4,5.4,0.25
90089,3,567,4,1.54,0.1
90578,4,804,3,4.83,0.1
90378,5,606,4,5.99,0.1
90779,1,816,2,2.18,0.5
90239,3,555,3,4.36,0
90002,1,778,4,5.32,0.25
90211,2,543,2,3.39,0
90729,5,287,1,1.7,0.1
90423,5,718,3,3.56,0
90098,1,518,2,4.37,0.5
90607,2,582,1,3.46,0.1
90299,3,268,3,5.67,0.5
90326,2,464,3,2.55,0.1
90799,4,789,1,2.2,0.1
90478,2,322,4,2.04,0.25
90463,1,316,4,2.69,0
90162,2,827,3,5.22,0
90856,3,878,3,2.17,0.1
90406,2,526,1,4.55,0.25
90032,1,975,4,5.35,0.1
90474,2,105,2,2.05,0
90134,5,203,4,3.18,0
90601,2,266,1,1.6,0
90925,3,662,4,5.14,0
90126,4,44,4,1.73,0.5
90509,3,31,4,4.57,0.1
90220,2,931,2,2.74,0.5
90036,4,629,2,4.41,0.5
90904,4,564,4,1.77,0.25
90141,5,430,2,4.39,0.1
90814,4,20,4,5.02,0.25
90558,4,801,4,3.05,0.25
90277,1,185,1,2.93,0.1
90918,5,831,3,1.76,0.5
90367,2,786,2,5.88,0
90673,2,247,3,3.9,0
90590,2,867,4,3.1,0.1
90243,5,607,3,5.13,0.25
90029,5,721,3,5.76,0.1
90972,4,193,4,3.94,0.1
90039,1,93,1,2.55,0.1
90540,2,490,1,2.99,0.1
90349,1,735,2,5.63,0.25
90023,1,152,2,4.98,0.25
90383,3,722,4,4.14,0.25
90331,4,140,2,4.8,0.5
90665,2,325,2,4.68,0.25
90682,2,604,2,3.2,0.25
90182,5,747,1,5.77,0.5
90034,5,187,3,5.64,0.1
90107,2,960,4,2.13,0
90356,3,328,2,4.36,0
90458,3,12,3,2.44,0
90263,4,806,1,4.74,0
90449,4,751,4,5.86,0.5
90903,4,388,3,3.96,0
90808,1,885,2,2.23,0
90302,1,21,3,2.68,0
90351,5,175,4,2.22,0
90965,1,920,1,3.02,0.5
90442,2,966,2,4.23,0.5
90055,4,104,3,2.42,0.1
90714,2,568,3,4.47,0.25
90099,2,51,4,4.07,0.5
90056,5,370,1,3.42,0.25
90492,3,205,1,1.62,0.1
90084,4,485,1,2.89,0.5
90501,2,917,3,1.91,0.5
90380,1,907,4,3.16,0.5
90270,5,451,4,2.69,0.25
90064,5,155,1,1.89,0.25
90424,5,995,2,3.99,0.5
90429,4,989,4,4.08,0.1
90307,5,81,4,5.56,0
90585,2,923,2,2.04,0.5
90972,1,172,2,5.14,0.1
90434,5,81,4,2.41,0.1
90265,5,328,1,1.89,0.5
90334,5,878,3,3.84,0
90602,2,536,4,2.01,0.1
90581,3,603,1,5.66,0
90889,4,549,3,5.45,0.25
90671,4,498,4,1.67,0.25
90148,2,634,4,1.67,0.25
90051,1,764,4,5.64,0.25
90346,1,838,3,2.9,0.5
90996,3,890,2,2.1,0.5
90276,2,747,4,4.22,0
90453,1,217,4,4.83,0.25
90528,2,811,2,1.8,0.5
90800,1,872,1,2.28,0.1
90256,2,34,4,1.73,0.25
90281,1,378,4,3.77,0
90248,4,382,4,4.17,0.1
90601,1,565,3,3.05,0.25
90292,2,29,4,1.72,0.1
90663,5,231,2,2.71,0.5
90021,2,886,1,3.63,0.1
90616,3,821,1,2.51,0.25
90434,3,917,4,5.33,0.5
90224,5,478,3,4.55,0.5
90105,3,8,3,4.03,0.25
90701,3,111,4,1.79,0.25
90883,2,284,3,4.45,0.25
90154,3,530,2,5.55,0.5
90698,3,144,1,4.45,0.25
90929,5,429,4,3.25,0
90726,5,586,2,3.04,0.1
90654,5,804,4,5.58,0.25
90308,3,866,2,5.28,0.1
90100,3,483,2,4.83,0.1
90671,4,92,2,3.1,0.25
90808,4,909,3,3.17,0.25
90872,4,121,4,1.74,0
90911,5,200,1,5.4,0.5
90306,2,424,1,5.42,0.1
90206,2,351,4,5.94,0.5
90324,3,884,2,5.01,0.5
90647,4,182,3,4.36,0
90281,4,215,2,4.09,0.1
90805,4,782,1,2.08,0.5
90414,5,440,4,3.22,0
90205,5,749,3,5.78,0.25
90196,2,19,1,4.32,0.1
90711,4,899,3,2.9,0
90516,3,603,3,2.25,0
90972,4,298,4,4.78,0.25
90910,3,704,2,3.04,0.5
90769,1,193,2,5.77,0.5
90234,5,230,2,2.45,0
90517,4,174,1,3.15,0
90898,5,656,3,4.97,0
90050,1,678,1,4.44,0
90707,5,119,4,3.5,0
90259,3,486,2,2.42,0
90431,5,678,1,4.48,0.25
90621,5,718,2,3.38,0
90737,4,633,1,2.77,0
90204,3,624,2,5,0.1
90721,2,420,3,2.22,0.5
90705,1,956,4,2.99,0
90688,2,92,1,5.26,0.5
90973,3,93,1,4.76,0
90660,3,237,4,5.95,0.25
90476,3,52,1,5.16,0
90369,1,821,3,3.42,0
90872,2,777,1,1.54,0.1
90337,1,367,4,5.8,0.25
90382,4,835,3,2.32,0.5
90986,4,468,3,5.26,0.5
90665,2,908,2,2.01,0
90107,2,427,4,5.11,0.5
90626,4,389,3,4.25,0.1
90943,1,500,1,5.49,0.5
90065,3,268,3,1.56,0.1
90532,4,536,1,3.45,0.1
90355,1,680,4,2.17,0
90659,4,957,2,3.78,0.5
90891,2,170,1,4.88,0.25
90339,5,994,3,1.73,0.1
90659,4,388,4,5.18,0
90455,4,821,4,1.9,0.5
90324,1,122,4,4.85,0
90414,1,423,1,4.01,0
90811,4,619,3,5.51,0.1
90974,4,350,3,5.21,0.1
90340,4,574,4,4.72,0.25
90117,3,100,2,1.51,0.25
90561,2,535,3,4.66,0
90505,2,144,4,1.98,0.1
90124,3,953,4,2.47,0.1
90111,4,776,4,1.71,0
90469,5,675,2,5.84,0
90754,5,50,4,5.27,0.5
90800,2,944,2,4.61,0.1
90107,4,397,3,3.77,0.5
90624,3,938,2,2.73,0.25
90464,5,825,2,2.12,0.25
90882,3,322,2,2.4,0.25
90944,5,689,2,5.92,0.1
90556,5,711,3,4.7,0.25
90492,4,597,4,4.53,0.25
90828,1,14,1,1.61,0.1
90687,3,58,2,2.7,0.1
90700,2,257,2,5.28,0.25
90772,1,555,1,3.11,0.5
90631,2,889,2,4.84,0.5
90524,4,804,3,4.62,0
90397,1,427,3,5.85,0
90762,2,258,2,4.29,0.5
90934,2,649,3,4.9,0.1
90302,2,460,2,5.93,0
90986,3,178,1,3.2,0.5
90570,1,271,2,2.22,0.25
90339,5,478,2,1.68,0.25
90053,1,793,3,3.71,0.25
90803,5,725,3,3.86,0.1
90070,1,806,2,3.37,0.5
90358,3,227,2,4.49,0.25
90301,1,224,4,5.98,0
90685,1,355,4,2.58,0.1
90699,4,907,3,3.22,0
90263,5,554,3,1.61,0.25
90823,2,521,4,3.69,0.25
90329,5,527,1,5.77,0.1
90547,4,8,1,2.45,0.1
90856,1,107,2,3.92,0.5
90765,1,703,2,1.61,0.25
90090,5,76,1,2.3,0.25
90073,4,589,2,5.6,0.5
90462,4,646,4,3.45,0
90690,5,122,1,4.39,0
90047,3,718,1,3.11,0
90806,4,703,3,4.23,0.25
90391,2,405,1,3.63,0.1
90765,3,401,3,5.82,0.1
90694,5,909,3,5.81,0
90896,5,569,2,2.05,0
90611,2,404,1,2.87,0.25
90423,5,928,2,2.22,0.1
90855,5,259,2,2.02,0
90473,3,661,1,2.81,0
90101,2,203,4,5.78,0.25
90688,2,672,2,1.95,0
90326,5,498,4,2.98,0.25
90157,2,580,3,5.13,0.5
90005,3,321,2,5.04,0.5
90861,4,369,2,4.56,0.25
90474,5,457,3,4.99,0.5
90112,5,180,1,5.29,0.1
90202,5,270,1,4.77,0
90647,1,32,4,4.96,0.1
90565,3,267,4,4.44,0.1
90402,4,229,3,2.1,0
90373,5,515,1,4.48,0.1
90144,4,457,2,2.31,0.1
90962,2,368,1,2.48,0.5
90065,5,271,3,2.55,0.1
90930,1,811,3,3.25,0.5
90041,3,665,3,1.96,0.25
90593,3,558,2,3.19,0.5
90602,2,670,1,3.82,0.5
90529,4,416,3,5.18,0.25
90812,4,494,1,3.76,0.1
90170,2,236,1,3.82,0.25
90154,2,192,2,3.13,0
90425,4,831,3,4.74,0.5
90491,1,216,2,4.41,0.5
90250,2,45,2,4.08,0.1
90645,1,525,1,5.51,0.1
90171,5,265,2,3.82,0.5
90993,1,578,1,5.45,0.25
90222,2,460,4,5.4,0.1
90851,5,421,2,5.08,0.1
90676,4,524,3,2.25,0.25
90611,2,605,1,2.53,0.5
90112,2,17,2,3.85,0.5
90621,5,99,2,3.64,0
90516,5,771,1,1.92,0.1
90553,5,848,1,5.54,0.5
90431,2,380,1,4.64,0.5
90961,3,822,4,5.05,0.5
90604,4,824,1,3.41,0.25
90785,3,239,1,2.77,0.5
90194,5,6,1,4.1,0
90008,4,385,2,4.59,0.25
90371,3,110,2,3.42,0.25
90876,4,549,4,4.04,0.25
90774,2,209,4,3.98,0.5
90380,5,573,4,2.64,0.25
90353,2,793,4,4.81,0
90458,3,802,2,1.95,0.5
90821,1,564,1,2.22,0
90844,1,149,4,5.67,0.5
90066,4,270,2,3.17,0
90954,2,411,3,4.7,0
90656,2,507,4,1.55,0.25
90035,3,803,2,4.27,0
90245,3,671,1,5.89,0
90799,5,410,3,4.51,0.5
90206,1,531,1,4.82,0
90563,2,292,3,3.06,0.25
90621,5,987,2,3.55,0.5
90005,5,268,2,3.33,0
90075,5,516,3,3.03,0
90980,5,264,3,4.62,0.5
90496,4,789,2,4.91,0.5
90919,1,601,1,3.67,0.25
90392,3,649,2,4.55,0.1
90423,3,979,3,3.82,0
90255,1,295,1,3.3,0.25
90568,2,954,2,3.64,0.25
90916,4,588,3,2.32,0.1
90755,2,205,2,4.81,0.25
90235,2,208,2,5.26,0.25
90798,5,110,1,5.64,0.5
90007,5,783,1,5.32,0.25
90323,4,505,3,3.71,0.25
90228,4,769,2,1.74,0.5
90963,2,554,1,3.76,0.5
90469,3,1000,1,4.64,0.5
90706,5,9,1,4.53,0.5
90104,2,334,3,4.26,0.25
90562,3,270,2,2.71,0.25
90189,3,511,4,2.45,0.25
90875,5,411,3,3.53,0.1
90703,5,235,1,4.74,0.1
90443,4,877,4,2.38,0.1
90826,5,10,2,3.4,0.1
90547,3,738,3,5.03,0.25
90576,1,880,1,3.29,0.1
90221,4,834,3,3.64,0
90763,3,343,3,3.12,0.25
90021,5,422,1,3.08,0.1
90590,3,666,2,5.91,0.25
90333,1,690,4,4.99,0.5
90391,2,629,3,3.59,0.1
90656,1,828,3,3.4,0.5
90082,3,166,3,2.53,0.25
90728,3,274,4,2.72,0.5
90766,1,602,4,3.36,0.1
90129,2,746,2,4.48,0
90171,5,407,1,1.93,0.5
90056,1,27,4,3.86,0
90269,3,633,2,1.88,0.5
90235,2,254,3,3.49,0.1
90540,3,859,2,1.63,0.25
90885,5,488,4,5.89,0.25
90456,5,139,2,4.16,0.5
90446,5,537,3,5.59,0.5
90233,4,825,1,3.49,0.25
90267,3,160,3,1.55,0.1
90294,4,481,1,4.59,0.5
90307,1,10,4,5.09,0.1
90562,4,383,2,3.35,0.5
90256,3,168,4,5.23,0.1
90082,3,433,2,3.82,0.25
90665,2,761,3,3.36,0
90140,3,297,1,4.37,0.5
90718,2,638,4,2.35,0
90051,3,993,1,2.34,0
90276,1,129,4,4.77,0.1
90155,3,16,4,2.48,0.5
90805,1,819,4,5.99,0.5
90339,1,83,2,1.75,0.5
90557,4,482,2,2.36,0.25
90849,4,13,1,5.89,0.1
90790,2,999,4,2.61,0
90472,4,753,1,3.85,0.1
90399,1,698,3,5.71,0.1
90763,2,960,1,2.64,0.25
90370,1,909,1,5.39,0.1
90242,3,649,4,2.96,0.1
90599,1,123,4,5.05,0
90596,3,803,4,4.6,0.1
90790,5,92,2,2.21,0
90347,5,954,1,1.77,0.1
90811,5,110,2,3.7,0.25
90808,2,661,3,5.12,0.5
90022,3,706,4,3.11,0.1
90921,5,41,4,4.68,0.25
90714,3,502,2,4.05,0.25
90750,1,480,3,5.4,0.1
90544,5,159,4,2.83,0.25
90376,2,465,1,4.99,0.5
90905,3,20,3,4.99,0.1
90739,5,65,4,2.35,0.5
90158,1,628,3,2.95,0.25
90099,2,536,1,1.7,0.1
90895,1,33,2,1.98,0.1
90033,1,585,4,4.46,0.25
90376,4,227,1,1.56,0.1
90951,3,912,1,3.61,0
90572,5,762,4,5.2,0
90273,1,542,1,4.8,0.25
90968,5,222,1,1.96,0.1
90395,5,195,2,3.87,0.1
90641,1,971,2,4.01,0.5
90785,1,654,3,4.54,0.5
90171,2,812,2,3.97,0.25
90547,5,615,4,5.7,0.25
90333,3,866,3,3.36,0.5
90624,3,247,2,3.19,0.25
90985,1,464,4,5.82,0
90292,1,611,1,3.83,0.25
90308,3,228,2,5.35,0
90942,3,567,2,1.92,0.5
90160,2,142,3,3.15,0.1
90263,5,831,3,1.91,0.5
90940,2,223,1,4.76,0.5
90500,1,846,1,4.18,0.25
90749,3,828,4,1.85,0
90357,2,901,4,3.37,0
90766,1,669,1,4.35,0.5
90313,3,537,1,2.94,0.1
90515,4,715,2,2.19,0.5
90771,4,610,1,2.5,0.25
90152,5,136,3,1.87,0
90409,2,269,1,3.29,0.5
90781,4,139,4,4.02,0.5
90668,2,586,2,4.03,0.1
90074,1,273,4,2.96,0
90688,3,424,4,3.14,0.1
90353,3,609,1,4.96,0.1
90632,1,842,4,4.3,0.5
90947,2,838,2,2.4,0.25
90776,2,746,1,2.01,0
90972,1,636,2,5.41,0.25
90352,1,711,1,2.87,0.5
90340,5,215,2,2.42,0.25
90495,4,638,2,4.63,0
90597,3,928,1,2.65,0
90206,1,809,3,1.74,0
90398,1,677,3,4.48,0.25
90020,5,300,4,2.54,0.5
90727,2,102,3,3.68,0
90204,1,513,4,4.02,0
90254,2,945,3,3,0.5
90019,2,356,3,3.1,0.25
90514,1,283,1,4.32,0.5
90967,4,569,3,2.52,0.25
90673,4,141,1,4.78,0.1
90247,5,587,2,3.42,0.25
90338,5,460,2,2.43,0.1
90555,5,701,2,5.38,0.25
90932,5,139,4,5.98,0.1
90940,2,162,3,1.81,0
90326,4,860,2,4.77,0.25
90985,2,422,3,3.49,0.25
90798,5,193,1,2.09,0
90632,1,274,2,4.18,0.1
90368,3,82,4,2.1,0.5
90189,2,873,4,3.71,0.1
90198,3,232,1,3.34,0
90974,2,423,2,4.84,0.1
90068,3,182,4,5.4,0.5
90888,5,469,2,3.42,0
90753,5,845,4,4.74,0.5
90962,4,761,1,3.84,0.5
90847,5,899,1,5.45,0.1
90551,2,406,1,4.01,0
90299,4,451,4,5.48,0.25
90171,5,433,3,4.26,0
90926,1,146,4,5.23,0.5
90740,4,513,1,2.31,0.1
90424,5,332,4,1.61,0.5
90919,3,730,2,5.47,0
90332,1,709,2,4.73,0
90117,5,724,4,4.35,0
90725,1,394,2,3.2,0.5
90787,2,175,3,4.04,0.1
90890,4,149,2,4.96,0
90316,1,317,4,2.8,0.1
90921,1,135,2,1.52,0.25
90470,5,510,4,3.95,0
90904,4,506,2,2.48,0.5
90420,2,453,1,4.21,0
90904,1,561,3,4.29,0.1
90190,2,152,1,4.44,0
90875,1,34,3,2.99,0
90112,5,427,2,2.23,0.25
90677,1,709,2,5.85,0.25
90096,1,787,3,2.95,0.5
90777,1,438,1,2.82,0.1
90712,5,881,3,2.98,0.5
90215,5,713,2,4.25,0
90748,4,645,1,3.68,0.25
90624,2,869,3,2.67,0.25
90630,4,577,4,3.84,0.5
90828,1,185,2,4.69,0.1
90122,2,25,4,4.31,0
90819,3,631,4,3.36,0.25
90574,3,826,2,1.55,0.1
90261,1,810,1,2.88,0.25
90117,2,703,3,3.04,0
90199,4,339,3,5.65,0.5
90817,5,37,2,3.67,0.5
90918,1,344,4,5.03,0.5
90856,5,534,3,4.04,0.25
90549,3,20,2,4.1,0.25
90068,3,993,2,2.76,0
90385,2,642,2,4.07,0.5
90610,1,120,3,4.67,0.25
90279,3,424,1,3.74,0.1
90463,2,850,3,2.47,0.25
90115,4,384,1,5,0
90519,2,26,4,5.57,0.1
90349,3,946,4,4.8,0.25
90147,2,788,1,5.2,0.1
90742,1,38,4,3.24,0
90319,3,955,1,4.59,0
90479,1,911,1,1.96,0.25
90592,3,777,3,4.37,0.1
90206,4,198,3,2.74,0.25
90688,1,121,3,2.17,0.25
90016,5,982,1,2.43,0.25
90327,5,278,2,5.74,0.25
90251,5,176,1,2.9,0.25
90455,1,52,2,1.63,0
90393,5,56,1,3.42,0.1
90913,3,607,4,4.27,0.25
90838,5,203,1,5.88,0.5
90135,4,96,4,1.94,0.25
90482,3,238,2,2.15,0.25
90402,4,188,3,5.05,0.25
90500,4,31,1,3.64,0.25
90473,5,867,2,2.77,0.25
90589,3,131,1,3.33,0
90570,4,666,1,5.07,0.5
90605,4,424,2,4.29,0.1
90394,4,68,3,2.44,0.5
90581,2,807,3,3.95,0.1
90679,1,686,1,4.83,0.5
90607,4,611,4,2.96,0
90181,5,316,4,1.81,0
90790,1,840,4,2.97,0
90223,2,837,2,5.49,0
90677,5,153,4,3.89,0.5
90592,3,458,2,2.43,0.25
90584,3,814,3,5.63,0.5
90092,2,597,1,4.25,0.5
90873,1,302,1,3.16,0
90721,1,574,3,1.99,0.25
90241,4,443,4,4.31,0.5
90391,2,446,2,4.48,0.5
90193,4,569,4,5.29,0.25
90158,1,296,2,2.1,0
90148,1,739,4,4.46,0.1
90141,5,658,4,5.37,0.5
90185,4,466,4,3.98,0.5
90364,5,232,2,3.41,0
90511,4,868,2,4.7,0.25
90949,5,560,3,1.65,0
90495,1,722,3,2.01,0.5
90146,5,748,3,3.59,0
90912,5,625,1,2.6,0
90818,5,594,3,4.26,0.25
90798,5,12,4,3.54,0.5
90752,3,340,4,3.09,0.25
90172,1,37,3,4.77,0.25
90645,5,485,2,4.08,0.25
90028,3,294,4,1.87,0
90259,1,136,3,2.74,0.25
90760,4,115,2,5.6,0.1
90379,4,828,2,2.68,0.1
90186,2,819,1,3.04,0
90610,4,957,2,5.27,0.5
90244,2,677,4,4.77,0.1
90592,1,752,3,1.74,0.25
90054,4,172,4,3.29,0.25
90765,4,972,2,3.21,0.5
90269,4,149,4,1.55,0.5
90695,4,324,1,1.94,0.25
90626,1,941,3,3.01,0.25
90262,5,671,4,3.57,0.1
90789,3,200,3,4.55,0.1
90561,4,11,1,5.24,0
90101,2,538,1,4.58,0.25
90743,5,291,3,2.37,0
90095,1,59,2,5.78,0
90089,1,877,2,3.19,0.1
90713,4,189,3,2.83,0
90945,3,284,4,4.61,0.25
90166,4,800,1,2.75,0
90398,2,341,1,2.66,0.25
90452,5,72,4,5.91,0.1
90403,2,183,4,1.99,0.5
90629,1,659,1,5.61,0.25
90036,4,75,1,4.07,0.25
90020,1,919,4,2.17,0
90681,4,400,3,2.18,0.25
90589,1,4,4,3.65,0.5
90554,1,232,1,3.23,0.5
90581,4,549,3,3,0.25
90057,1,648,1,3.14,0.25
90862,5,471,3,4.42,0.1
90041,4,991,4,4.47,0.25
90918,2,110,3,3.69,0.5
90144,4,37,2,1.61,0.1
90399,1,65,3,3.75,0.5
90038,4,348,1,3.02,0
90122,5,217,4,5.73,0.1
90239,4,948,1,1.67,0.1
90670,2,20,4,5.58,0
90719,3,665,2,1.56,0
90841,5,813,1,3.55,0.1
90066,1,838,1,2.01,0.1
90824,3,208,4,3.02,0.5
90124,1,1000,2,2.95,0.1
90608,2,178,3,1.78,0.25
90776,4,426,2,4.63,0.1
90250,2,948,1,2.1,0.5
90017,2,901,4,1.86,0
90949,2,92,3,3.37,0.5
90212,2,147,3,3.85,0.5
90961,5,179,1,4.18,0.5
90974,5,91,3,3.07,0
90242,5,197,1,5.94,0
90371,3,884,2,3.59,0.1
90055,4,199,1,5.08,0.5
90181,3,164,1,1.74,0.25
90215,1,446,3,3,0.5
90107,2,759,1,5.66,0.1
90805,2,30,4,3.82,0
90739,2,456,3,3.39,0.25
90798,4,113,3,2.53,0.1
90891,4,205,4,5.51,0
90600,2,497,1,5.51,0.1
90951,2,625,4,2.3,0.25
90469,2,738,2,4.34,0.25
90344,3,131,1,4.61,0
90140,3,114,4,3.56,0.1
90226,5,908,3,4.22,0.1
90994,2,567,2,1.89,0.5
90606,2,485,4,2.76,0.5
90254,5,336,4,4.11,0.1
90920,4,6,4,5.91,0
90752,4,788,1,3.42,0.5
90830,1,818,1,3.54,0.1
90572,2,772,1,4.62,0.5
90136,1,368,3,2.58,0
90492,5,686,3,2.23,0.5
90766,2,598,1,5.89,0.5
90896,4,721,4,2.33,0.25
90721,4,649,1,5.37,0
90915,4,708,3,3.89,0.25
90771,5,277,2,5.04,0
90902,1,344,1,3.82,0.25
90114,3,393,3,3.59,0
90376,2,180,1,4.02,0.1
90343,2,245,1,4.42,0.1
90329,3,362,3,3.77,0.5
90056,5,65,3,3.05,0.5
90540,4,850,1,3.62,0.25
90636,1,377,1,2.35,0.5
90083,1,401,2,2.8,0
90169,2,283,1,4.64,0.5
90896,4,210,1,2.82,0.1
90356,3,431,4,4.82,0
90194,5,65,1,5.42,0.1
90661,4,344,4,4.1,0.25
90608,3,682,4,3.56,0.1
90176,3,809,3,2.52,0.25
90789,4,866,1,2.17,0.25
90980,2,171,2,4.7,0.25
90997,1,180,2,2.23,0
90325,2,589,2,3.48,0.25
90211,2,576,1,4.49,0.25
90382,1,460,2,3.9,0
90415,3,954,4,4.96,0.5
90160,4,5,3,4.41,0.25
90918,3,297,2,5.1,0.5
90706,5,116,4,5.55,0.1
90120,4,316,1,3.31,0.1
90366,5,95,3,1.75,0.1
90540,5,228,3,2.38,0
90870,2,457,1,5.89,0.5
90503,4,326,1,5.59,0.25
90152,1,734,4,3.16,0.25
90292,5,354,3,2.89,0.5
90090,4,221,4,4.84,0.5
90296,2,168,4,4.78,0.5
90856,4,602,1,2.15,0.25
90889,1,538,3,1.8,0.5
90007,5,420,3,3.37,0.5
90774,3,937,2,2.4,0.5
90568,5,503,1,5.2,0.25
90312,2,506,4,2.51,0
90269,4,308,4,2.06,0.25
90184,4,504,2,1.63,0.25
90994,3,69,3,4.11,0.5
90644,3,703,4,5.88,0
90525,5,751,1,5.3,0.1
90060,3,150,3,3.57,0.1
90168,1,55,3,3.13,0.25
90297,1,299,1,3.81,0.1
90614,3,771,2,3.95,0.25
90278,2,702,3,1.93,0.25
90014,4,141,3,3.18,0.5
90349,5,944,2,1.96,0.1
90227,4,852,2,5.08,0
90472,1,939,1,2.02,0.1
90492,4,357,3,4.61,0.1
90912,1,612,3,2.27,0.25
90763,2,835,1,2.5,0.1
90315,4,129,2,2.09,0
90708,4,782,1,1.85,0.5
90044,4,202,1,1.65,0
90122,1,931,3,1.69,0.25
90773,5,99,1,5.64,0.1
90923,1,205,2,4.52,0
90150,3,867,3,5.77,0.25
90165,1,876,2,3.77,0
90840,3,593,1,3.88,0.1
90176,2,924,1,5.88,0
90943,4,517,4,3.15,0.1
90690,4,981,1,2.31,0.25
90435,1,220,2,3.33,0.25
90478,3,113,2,3.73,0.25
90571,1,740,1,1.87,0.5
90395,4,291,4,4.2,0.25
90232,2,568,4,2.81,0.5
90878,2,72,4,5.73,0.25
90014,4,691,4,4.52,0.5
90536,4,675,1,2.04,0.5
90712,1,605,1,4.84,0.1
90373,1,999,2,3.02,0.5
90239,5,859,4,4.76,0.25
90608,4,280,4,3.1,0.5
90524,1,286,2,4.96,0
90257,1,502,4,2.54,0.1
90102,1,756,1,5.24,0.5
90996,2,184,4,4.22,0.25
90311,4,637,1,4.92,0.5
90207,5,301,4,3.71,0.25
90352,4,829,1,5.79,0
90902,4,937,1,3.23,0.25
90454,2,471,1,1.65,0.25
90504,4,442,2,2.91,0.5
90783,4,113,4,4.47,0.5
90576,3,875,2,3.78,0.5
90507,3,606,4,4.28,0.25
90329,3,63,1,4.16,0.1
90358,4,829,1,4.94,0.25
90100,3,439,3,5.96,0.5
90058,5,678,2,2.61,0.25
90087,3,933,1,5.41,0
90174,5,21,3,1.67,0.5
90528,5,924,4,2.7,0.5
90023,5,325,4,4.07,0.25
90101,3,828,4,1.95,0.1
90509,3,515,3,2.25,0.25
90993,5,447,2,3.74,0
90220,2,295,3,1.71,0.5
90640,5,761,1,4.73,0
90345,4,280,1,4.05,0.5
90215,5,356,1,4.43,0.25
90824,2,308,4,4.49,0.25
90425,5,412,3,4.31,0.5
90185,5,903,1,4.33,0.1
90512,5,219,4,2.71,0.5
90745,4,642,1,3.85,0.25
90152,4,247,2,4.86,0.25
90421,3,327,1,4.35,0.5
90844,4,294,2,2.65,0.1
90245,3,117,2,2.36,0.1
90476,2,498,4,3.4,0
90164,5,280,2,1.63,0.25
90181,1,660,1,5.84,0.5
90057,1,881,1,2.91,0.25
90923,4,979,4,5.54,0
90966,5,860,2,2.56,0
90681,2,849,3,3.73,0
90615,2,126,3,2.98,0.5
90958,2,434,2,2.15,0.1
90994,4,282,4,3.34,0
90547,4,384,1,2.92,0.5
90700,3,253,3,5.46,0.1
90487,5,733,3,5.2,0
90036,3,862,1,4.61,0.1
90566,1,394,3,4.38,0.25
90548,1,888,2,5.36,0.5
90932,3,984,4,5.67,0.25
90093,4,959,2,2.84,0.1
90647,1,325,4,5.05,0.25
90843,3,799,4,3.62,0.5
90735,5,433,1,5.21,0.25
90068,4,361,4,4.21,0.25
90712,4,29,1,4.39,0.1
90811,3,657,2,1.51,0.1
90322,5,590,1,2,0.1
90731,3,993,2,5.31,0.5
90463,3,490,2,2.67,0.25
90204,4,87,4,3.15,0.5
90968,5,855,2,1.59,0
90663,2,627,2,5.58,0.5
90269,5,719,2,1.72,0.5
90267,5,153,1,5.81,0.1
90121,4,15,4,4.98,0.5
90122,3,230,2,2.36,0.25
90765,5,507,4,2.09,0.1
90221,4,844,3,4.77,0.1
90185,2,419,2,1.63,0.25
90633,1,462,2,3.16,0.5
90011,2,481,2,5.42,0.5
90731,1,393,4,4.81,0.25
90098,4,571,1,1.73,0.1
90931,3,363,1,1.52,0.5
90405,5,688,3,2.1,0
90184,4,267,2,3.77,0.25
90136,2,92,3,4.7,0.5
90267,4,120,3,1.7,0.1
90893,3,997,3,4.87,0.5
90925,5,898,3,4.26,0.25
90321,2,447,2,2.92,0.5
90570,1,874,4,1.74,0.1
90236,4,188,1,3.62,0.1
90447,5,119,4,1.68,0.25
90497,1,469,4,2.01,0.1
90358,2,96,2,5.41,0.1
90768,5,521,3,4.03,0.1
90995,2,5,2,3.37,0
90787,3,511,1,5.49,0
90698,3,697,1,3.27,0
90158,4,30,1,3.57,0.5
90644,3,979,3,4.17,0
90994,2,45,4,2.96,0.1
90884,1,50,3,2.95,0
90561,2,975,4,1.92,0.25
90246,2,989,4,1.9,0.1
90398,1,799,4,2.78,0.1
90306,5,503,4,4.81,0.25
90135,4,368,1,5.24,0.1
90457,1,907,4,3.64,0.5
90775,4,433,3,4.26,0.5
90096,2,42,3,5.88,0.1
90954,1,508,1,2.81,0.5
90929,3,821,4,2.85,0.1
90862,5,255,4,2.83,0
90079,4,940,1,3.81,0.5
90097,5,476,3,3.1,0
90017,4,117,4,2.31,0.1
90047,3,86,4,5.45,0.25
90602,5,742,4,4.91,0.5
90828,2,272,3,5.85,0.1
90190,4,81,3,5.42,0
90548,2,19,1,3.28,0
90672,3,489,4,4.61,0.5
90634,3,833,3,4.61,0.5
90090,1,129,2,1.56,0
90713,4,994,2,5.37,0.1
90665,1,149,2,3.46,0.1
90309,1,789,4,2.17,0.5
90120,4,171,2,4.82,0.5
90483,3,21,4,4.13,0.1
90584,1,850,4,1.73,0
90646,5,868,4,5.91,0.5
90611,4,749,3,1.67,0.5
90526,5,606,4,2.54,0
90020,4,433,3,3.99,0.25
90911,4,485,1,3.73,0.25
90715,4,447,1,2.23,0.1
90353,5,449,2,3.78,0.25
90874,4,863,4,2.09,0.25
90983,5,427,3,5.08,0.1
90213,2,290,1,4.5,0.1
90205,4,161,4,1.95,0.5
90311,3,241,2,4.01,0
90903,5,268,3,4.55,0.1
90033,5,827,1,3.02,0
90233,3,124,2,3.69,0.25
90788,1,48,3,5.53,0
90949,1,969,4,5.1,0
90801,5,626,1,5.21,0
90108,2,172,1,5.42,0.25
90746,1,300,4,4.93,0.5
90158,1,663,3,3.01,0.1
90869,2,207,4,5.86,0
90855,1,829,4,3.04,0.1
90273,2,382,4,3.12,0.1
90772,4,772,4,5.04,0.1
90424,1,941,4,5.54,0.25
90454,1,150,1,4.73,0
90347,4,323,4,5.92,0.1
90063,5,403,1,4.47,0.1
90060,3,647,3,3.39,0.25
90932,4,353,1,5.22,0.1
90457,3,660,2,5.49,0.5
90909,1,832,4,4.99,0.25
90038,5,551,3,3.25,0.1
90554,5,291,2,1.92,0.25
90349,2,776,2,1.61,0.25
90853,1,793,3,4.77,0
90862,1,382,3,4.32,0.25
90049,4,775,1,3.52,0
90348,5,242,2,3.08,0.25
90689,1,144,4,3.84,0.1
90336,4,529,2,5.2,0.25
90101,1,151,4,5.23,0
90064,1,436,2,3.64,0.5
90379,3,694,4,4.15,0.5
90599,4,511,4,5.98,0.5
90844,4,167,2,3.78,0.5
90133,4,992,1,4.63,0.5
90034,1,765,2,5.75,0.25
90617,5,873,4,2,0.25
90297,3,42,2,2.03,0.25
90311,2,302,4,1.63,0.1
90803,3,604,4,1.72,0.25
90221,1,188,4,1.51,0.25
90892,5,46,4,3.67,0.25
90464,5,922,3,5.02,0.5
90136,4,781,2,3.77,0.5
90684,1,460,2,5.4,0.25
90820,3,640,4,3.24,0.5
90554,2,47,4,4.81,0
90725,5,26,3,4.02,0
90088,4,198,1,5.81,0.1
90515,1,919,1,2.04,0.1
90282,1,806,2,2.6,0.5
90827,4,547,3,3.31,0
90883,4,957,1,3.03,0.1
90025,1,881,3,3.22,0
90102,3,555,2,2.78,0.1
90787,2,92,2,2.88,0.5
90061,3,630,3,2.32,0
90400,3,102,3,2.14,0.25
90385,5,965,1,1.73,0.1
90601,1,243,4,3.79,0.5
90276,1,63,3,3.59,0.5
90496,3,30,4,4.35,0
90568,3,987,1,2.61,0.1
90582,2,417,4,1.88,0.1
90383,5,554,2,5.02,0.5
90463,2,43,1,5.16,0.25
90001,4,62,4,2.73,0.25
90360,1,863,2,4.13,0.25
90166,1,757,1,2.85,0.5
90851,5,144,3,5.45,0.1
90517,3,981,3,5.48,0.25
90771,3,725,4,2.73,0.25
90216,1,471,3,1.57,0.1
90624,4,488,1,5.56,0.1
90570,1,917,4,4.93,0
90552,4,32,4,4.53,0.25
90848,1,616,3,3.24,0
90474,1,380,2,3.5,0.1
90777,2,288,3,2.36,0.25
90240,5,506,3,1.67,0.5
90215,1,8,2,5.93,0.5
90891,5,285,4,2.27,0.1
90689,1,699,2,1.79,0.1
90131,2,266,2,5.46,0.25
90869,5,695,1,5.96,0.25
90905,3,465,1,5.72,0
90443,4,865,4,2.73,0.5
90371,1,530,1,5.48,0.1
90285,1,941,4,3.9,0.25
90402,2,200,3,1.87,0
90707,2,434,1,5.63,0.1
90338,1,319,1,4.32,0
90492,3,443,1,4.17,0.25
90254,1,111,4,2.57,0.25
90842,1,342,2,5.75,0.5
90641,1,458,1,1.88,0
90387,4,321,1,5.02,0
90057,5,309,4,1.8,0
90054,2,302,4,3.31,0.5
90886,4,614,1,3.54,0.5
90902,4,636,1,3.03,0
90530,5,337,2,1.99,0
90731,5,70,2,5.57,0.1
90263,2,364,4,3.67,0.5
90249,5,141,1,1.77,0.25
90447,2,526,3,2.9,0.1
90481,5,317,3,2.81,0
90601,4,674,2,1.76,0
90353,1,201,2,4.38,0.1
90350,5,194,4,4.63,0.5
90710,3,340,3,4.27,0.5
90167,4,108,4,5.44,0
90225,4,943,1,4.37,0.1
90639,4,219,2,3.66,0.25
90211,3,410,2,5.22,0
90011,2,76,3,1.64,0
90298,1,451,2,4.34,0.25
90999,2,31,2,2.39,0.1
90907,2,269,2,3.03,0.1
90201,1,23,2,5.29,0
90852,3,694,2,3.21,0
90959,3,216,3,3.55,0.25
90677,1,176,4,5.45,0
90148,5,904,2,5.08,0.1
90388,2,712,3,2.93,0.5
90944,2,48,2,5.34,0.25
90336,2,254,1,4.33,0.25
90872,4,521,4,2.44,0
90810,5,680,1,2.25,0.5
90384,5,511,4,2.31,0.25
90712,5,495,4,3.63,0.5
90666,4,38,2,2.49,0.1
90884,4,241,4,2.48,0.5
90586,2,161,3,2.65,0
90770,2,87,3,3.5,0.25
90598,4,43,4,3.81,0.25
90462,3,479,4,3.34,0.5
90280,3,392,1,2.31,0.1
90661,5,78,3,5.56,0.25
90526,1,560,1,5.04,0.1
90122,3,74,3,1.67,0.1
90202,2,692,3,2.63,0.25
90723,1,619,2,5.99,0.25
90789,4,307,3,5.2,0.5
90842,4,594,1,3.62,0.1
90234,4,233,2,3.63,0.5
90349,4,811,1,2.91,0.1
90789,5,965,4,2.44,0.5
90031,3,384,2,4.1,0.1
90966,3,756,1,3.75,0.25
90231,5,430,4,4.59,0.5
90307,2,334,1,4.05,0
90158,4,976,3,4.06,0.5
90210,2,972,4,1.79,0.5
90487,3,112,3,4.06,0.5
90096,1,176,1,4.54,0.1
90847,1,706,4,1.62,0.1
90934,3,987,4,2.78,0.1
90676,5,537,1,3.55,0.25
90012,4,176,3,5.37,0.5
90161,1,114,2,3.91,0.5
90399,3,979,2,2.08,0.1
90443,5,838,4,2.21,0.25
90208,2,515,4,2.74,0
90457,5,66,4,4.22,0.1
90337,1,933,4,3.57,0
90295,4,662,4,3.06,0.25
90628,5,844,2,3.37,0.1
90751,5,443,4,3.23,0.1
90098,3,403,1,2.58,0.1
90904,2,644,3,4.5,0
90931,3,506,4,5.97,0
90079,4,774,1,3.77,0.25
90462,4,169,3,2.43,0
90028,2,75,4,3.22,0.5
90407,3,39,1,2.63,0.1
90687,1,767,4,3.68,0
90562,2,673,2,4.71,0.5
90483,1,841,3,5.29,0.1
90622,2,103,2,2.82,0.5
90080,4,688,1,4.55,0.1
90367,4,183,2,4.71,0.1
90714,4,49,1,3.26,0.25
90054,2,613,1,1.72,0.5
90952,1,256,3,5.59,0.1
90017,2,432,1,5.95,0.25
90697,2,686,1,2.49,0
90742,3,172,1,3.37,0
90331,4,576,2,4.31,0.5
90124,2,238,2,1.98,0.25
90016,4,412,3,1.55,0.1
90226,1,68,3,4.42,0.25
90069,1,907,2,3.35,0.5
90730,5,550,2,2.63,0
90333,3,647,4,4.55,0.1
90180,1,651,3,5.9,0.5
90344,5,19,4,3.22,0.1
90602,3,722,1,2.55,0
90243,1,756,4,4.91,0
90141,4,384,4,2.83,0.1
90210,3,658,1,2.57,0.5
90138,5,285,3,4.4,0
90811,3,425,3,4.88,0.1
90351,2,249,2,3.93,0.1
90623,4,894,4,3.85,0.1
90645,2,7,1,5.41,0
90054,1,650,2,5.72,0.1
90178,4,607,2,2.56,0
90743,2,479,3,2.24,0.1
90435,2,181,2,2.86,0.5
90279,4,884,4,1.86,0.25
90387,2,172,4,3.49,0.5
90840,4,977,4,1.59,0.5
90875,5,86,3,4.18,0.1
90745,4,180,3,3.21,0.25
90291,4,385,4,1.82,0.1
90201,4,159,2,1.52,0.25
90415,4,948,4,5.73,0.25
90502,1,316,1,3.34,0
90395,3,955,2,2.37,0.5
90790,3,936,3,3.79,0.5
90714,2,60,4,5.67,0.1
90490,2,36,3,4.34,0
90268,3,620,4,5.75,0.1
90254,4,617,2,1.56,0
90408,4,724,1,3.83,0.1
90170,5,850,4,2.64,0.25
90991,1,546,4,4.14,0.5
90112,2,652,3,5.16,0.25
90953,2,767,4,4.65,0
90836,5,504,1,1.94,0.5
90427,2,671,3,4.8,0.1
90384,5,191,2,2.39,0.1
90972,2,113,4,4.05,0.1
90206,3,61,2,5.14,0.1
90924,2,893,4,3.48,0
90082,1,301,1,3.2,0.25
90351,1,31,2,3.65,0
90063,1,273,1,4.49,0
90217,4,535,1,3.19,0.25
90485,3,776,3,4.22,0.25
90699,3,912,3,6,0.1
90682,3,409,4,4.25,0.25
90826,2,103,1,3.56,0.5
90027,2,617,1,5.41,0.25
90378,1,463,4,3.82,0.1
90654,1,981,3,1.57,0.25
90993,5,827,3,4.55,0.1
90497,1,410,1,3.07,0.5
90752,5,395,3,4.23,0.1
90898,3,586,1,2.08,0
90853,1,690,4,2.26,0.5
90494,1,679,2,2.6,0.1
90109,4,446,1,2.22,0.25
90785,1,288,2,4.74,0.5
90682,2,140,4,1.91,0.25
90955,4,590,1,4.4,0.5
90670,3,658,4,5.14,0.1
90119,5,298,1,2,0.25
90960,3,193,1,4.08,0.1
90977,4,390,1,2.9,0.1
90434,5,328,3,5.09,0.1
90680,5,617,2,1.98,0
90873,2,472,3,2.15,0.25
90512,2,697,4,2.16,0.25
90765,5,682,1,4.19,0.25
90706,2,127,3,5.99,0.5
90507,2,299,4,1.76,0.25
90848,1,734,2,5.32,0.1
90946,3,887,2,5.36,0.5
90835,3,676,2,5.96,0.5
90433,4,695,4,5.96,0.5
90074,5,541,3,2.77,0.1
90404,3,100,2,2.96,0
90469,4,671,2,4.1,0.5
90299,1,919,2,2.44,0.1
90371,4,744,1,4.55,0.1
90974,3,438,2,5.67,0
90998,5,486,2,5.75,0
90666,2,347,4,5.86,0.5
90035,5,122,2,3.28,0.25
90978,4,177,4,4.99,0
90886,3,838,4,2.74,0.5
90012,5,123,1,1.87,0.5
90231,5,24,4,2.73,0
90186,3,394,4,6,0.5
90586,4,129,1,2.96,0.1
90833,1,718,1,3.27,0.5
90532,1,858,1,4.89,0.1
90186,3,883,2,1.52,0.5
90126,1,41,2,4.09,0.1
90576,5,263,1,1.88,0
90306,2,373,2,3.4,0
90308,2,48,3,4.47,0.5
90591,5,503,3,3.85,0.25
90552,2,523,2,4.6,0
90038,2,193,2,2.85,0.1
90617,2,566,2,4.16,0.25
90747,3,638,4,1.83,0.25
90391,3,666,2,3.3,0
90693,3,436,2,3.91,0
90649,4,714,2,4.72,0.1
90842,4,158,3,5.97,0.5
90027,5,988,2,1.85,0
90113,3,701,4,1.8,0
90932,3,342,3,2.16,0.1
90011,4,101,4,5.91,0.1
90975,5,108,1,2.29,0.25
90842,5,827,4,1.93,0.25
90887,2,289,3,4.23,0
90326,4,970,4,2.31,0.5
90607,2,131,3,1.54,0.1
90147,2,388,3,1.74,0.25
90695,4,624,4,4.68,0.1
90363,4,818,4,3.76,0.25
90534,3,965,2,2.87,0
90417,1,790,3,5.3,0
90748,1,246,1,2.24,0
90762,4,293,4,5.14,0
90694,4,521,2,3.66,0
90015,4,632,2,5.6,0
90720,5,548,3,2.6,0
90460,2,988,2,4.54,0.1
90077,4,376,2,3.81,0
90508,3,389,2,3.18,0
90936,3,696,2,5.24,0
90307,5,495,3,2.69,0
90404,4,223,3,5.68,0
90914,5,633,4,1.76,0
90472,3,337,3,3.09,0
90912,1,740,2,3.31,0
90442,4,504,2,1.88,0.1
90127,2,936,4,1.53,0.25
90482,2,405,3,2.85,0.5
90550,4,832,3,1.99,0.5
90166,3,144,3,4.86,0
90905,1,892,2,2,0.25
90137,2,405,4,4.85,0
90683,1,204,4,5.82,0.25
90432,3,501,4,5.1,0.1
90770,2,783,4,3.76,0.5
90113,2,981,1,5.07,0.1
90353,1,513,1,4.95,0.1
90695,4,850,3,3.43,0
90492,2,297,3,3.69,0.5
90633,3,157,2,2.62,0
90718,5,254,4,2.39,0
90626,2,186,2,5.97,0.1
90124,2,136,4,1.67,0.1
90437,4,19,2,1.91,0
90418,2,538,3,4.65,0.1
90345,1,437,4,1.78,0.5
90312,4,113,3,3.14,0.25
90253,1,328,1,2.32,0
90677,3,763,3,2.45,0.5
90931,4,622,1,3.44,0.25
90373,5,343,3,2,0
90789,5,883,2,2.99,0.25
90542,2,620,3,2.57,0.25
90599,5,394,1,5.49,0.1
90124,1,43,2,2.37,0.5
90077,2,965,3,2.86,0.5
90547,4,739,2,1.7,0.1
90564,3,729,3,5.51,0.25
90460,4,645,1,5.6,0
90430,2,537,1,2.25,0.25
90297,4,47,1,5.07,0.1
90507,5,702,1,2.24,0.5
90799,2,400,4,4.23,0.1
90004,5,164,2,4.16,0
90467,3,516,3,2.87,0.1
90726,5,275,1,2.27,0
90244,2,299,1,4.38,0.25
90277,2,895,1,4.39,0.1
90548,3,119,1,4.42,0.25
90086,5,970,3,4.75,0.5
90302,3,333,1,4.32,0
90225,5,749,3,2.3,0
90674,3,889,1,4.75,0.5
90891,3,642,2,5.18,0.1
90276,4,209,4,2.2,0.1
90378,4,152,4,1.92,0.1
90190,2,836,2,2.35,0.5
90664,4,289,1,2.9,0.1
90704,4,623,2,1.81,0
90252,1,466,4,1.95,0.1
90618,1,103,4,3.23,0
90782,3,851,1,2.09,0
90147,1,962,1,5.07,0
90556,2,754,3,5.34,0
90143,3,492,4,5.17,0.25
90491,5,159,2,1.75,0.25
90127,1,22,1,1.96,0.25
90524,1,908,4,2.14,0.1
90233,2,438,4,2.16,0.25
90944,4,901,4,4.59,0
90174,3,113,2,1.96,0.25
90079,1,631,3,2.03,0
90620,5,155,2,3.43,0.25
90186,5,696,4,2.18,0.25
90838,4,294,3,5.44,0.25
90678,1,378,3,5.15,0
90883,3,956,2,5,0.1
90152,1,400,4,4.75,0.5
90116,2,592,4,5.82,0.25
90093,3,331,2,2.32,0.5
90327,5,507,4,3.67,0.5
90813,4,652,3,2.12,0.1
90429,5,563,4,3.92,0.5
90550,5,842,2,3.23,0.5
90592,3,796,2,4.66,0.1
90003,2,209,1,3.13,0.5
90944,2,113,1,5.6,0.25
90302,2,472,2,5.26,0.5
90216,1,848,2,1.75,0.1
90986,4,713,2,3.2,0
90381,4,56,1,4.48,0
90858,2,609,2,1.64,0.25
90081,2,251,1,1.56,0.5
90784,4,187,4,4.85,0.25
90422,3,740,3,3.5,0
90114,5,160,1,5.47,0
90770,4,178,2,1.55,0.5
90568,2,729,3,5.64,0.25
90434,5,954,2,2.72,0
90387,5,974,2,4.84,0.5
90058,4,225,4,2.33,0
90489,1,321,4,5.22,0.1
90823,1,381,4,2.38,0
90080,2,372,3,1.63,0.25
90555,3,110,1,2.45,0
90193,2,565,2,4.37,0
90276,1,88,1,4.04,0.5
90050,3,323,1,5.75,0
90770,4,290,4,3.75,0.25
90744,3,365,2,4.66,0
90418,1,919,1,3.76,0.1
90602,3,816,4,3.65,0
90166,2,156,4,1.85,0
90906,5,221,2,4.96,0.1
90529,3,747,3,3.51,0.1
90298,2,369,4,1.68,0.5
90214,1,626,1,5.81,0.5
90825,5,16,2,4.95,0.25
90889,3,993,1,3.75,0.5
90174,5,957,3,2.23,0.25
90373,3,362,1,1.82,0.5
90485,1,263,4,4.43,0.1
90996,4,583,4,1.68,0.25
90419,3,878,2,3.48,0.25
90086,1,699,4,3.78,0.25
90636,5,660,1,4.83,0.1
90009,5,159,1,2.81,0.1
90409,1,875,1,2.5,0.5
90358,1,478,4,4.39,0.5
90088,4,185,1,5.63,0.5
90205,5,412,3,1.79,0.25
90498,1,218,4,2.01,0.5
90559,3,160,4,2.15,0.1
90582,4,33,4,1.78,0.25
90485,4,219,1,2.45,0
90277,3,259,2,1.88,0
90415,4,84,3,5.43,0.5
90538,1,220,3,2.33,0
90917,2,924,4,3.04,0.25
90204,4,358,4,3.67,0.1
90364,1,935,4,5.2,0.1
90741,1,684,2,2.96,0.25
90155,3,919,4,5.7,0.5
90117,4,812,4,2.68,0
90966,1,853,2,4.35,0
90224,5,764,2,3.39,0.1
90387,5,222,3,2.44,0.1
90979,3,15,3,5.16,0
90919,4,315,1,4.65,0.5
90421,5,361,3,5.23,0.5
90998,4,784,3,2.01,0.1
90439,5,383,2,3.99,0.1
90447,3,391,3,5.3,0.5
90719,1,636,1,5.98,0
90666,4,17,4,1.97,0
90516,2,596,1,4.5,0.5
90229,2,796,4,3.98,0
90877,4,481,1,3.08,0.5
90930,2,841,4,1.53,0.25
90520,3,291,3,5.46,0.25
90859,4,925,4,4.53,0
90034,5,16,1,2.19,0.25
90840,2,760,3,3.01,0.5
90570,1,997,4,2.37,0.5
90821,2,955,4,2.08,0.5
90413,2,926,3,3.83,0.5
90102,3,728,2,3.77,0.5
90858,1,567,2,5.77,0.1
90096,1,27,4,1.55,0.1
90633,2,725,1,4.07,0
90465,3,650,3,2.34,0.1
90199,3,549,2,4.77,0.5
90676,1,53,3,1.87,0.1
90654,1,594,1,2,0
90146,1,290,3,5.53,0
90507,4,865,3,5.61,0.1
90104,1,503,1,3.36,0.5
90216,4,704,4,3.19,0.25
90828,5,165,2,2.84,0.1
90647,3,622,1,2.03,0.25
90496,1,629,1,2.21,0.25
90198,2,621,1,3.91,0.1
90888,3,374,1,5.54,0
90142,3,226,1,4.77,0.1
90281,5,494,2,5.79,0.25
90668,4,302,4,4.85,0.5
90525,2,970,4,5.65,0.25
90203,5,704,3,5.83,0
90813,4,785,3,2.25,0.1
90444,3,905,4,3.41,0.25
90638,3,111,4,3.43,0.25
90920,5,648,1,3.52,0
90260,4,601,4,2.82,0.25
90031,2,118,2,5.14,0.5
90367,3,252,1,2.47,0.25
90149,1,799,3,2.05,0.25
90735,2,337,2,3.59,0.25
90576,5,68,4,2.78,0.1
90223,5,106,3,4.72,0
90915,3,662,4,4.57,0.5
90833,4,328,2,2.39,0.5
90048,2,282,4,2.04,0.5
90616,3,335,4,2.56,0
90019,2,660,1,5.6,0.25
90862,3,991,4,1.67,0
90661,3,17,1,3.61,0.5
90282,4,325,3,3.3,0.25
90628,4,49,4,2.84,0.5
90870,1,657,1,5.29,0
90230,4,49,1,2.12,0.25
90232,5,175,1,2.36,0.25
90006,1,957,1,2.67,0
90050,5,970,3,1.84,0.25
90811,2,832,4,2.71,0.1
90598,5,472,1,2.07,0.1
90910,5,871,4,4.37,0
90541,3,247,4,4.48,0.25
90792,3,749,4,2.52,0.25
90729,2,85,3,4.01,0.1
90712,2,80,1,5.87,0
90014,2,687,2,3.61,0.5
90500,3,108,3,2.44,0.25
90726,2,465,2,5.32,0
90225,5,939,3,3.24,0.5
90526,4,208,4,2.35,0.25
90169,2,703,3,5.78,0
90473,1,898,1,4.85,0.1
90916,5,472,2,2.7,0.5
90464,3,361,3,2.03,0
90442,5,218,2,3.29,0.5
90342,1,55,4,2.73,0
90665,4,392,4,2.37,0.1
90181,5,609,3,3.88,0.5
90444,2,112,1,4.41,0
90118,1,55,1,4.09,0.1
90545,4,104,3,2.52,0.5
90403,4,104,2,4.8,0.25
90211,5,176,2,3.06,0.25
90295,3,752,1,1.92,0.5
90874,2,929,2,2.27,0
90192,4,341,4,2.14,0
90439,1,343,1,2.3,0.25
90175,5,696,1,4.17,0.5
90002,1,501,2,3.63,0
90581,2,697,3,5.26,0.1
90794,4,97,1,2.87,0.25
90503,4,753,3,5.95,0.25
90260,3,374,4,1.56,0.25
90728,2,342,4,2.01,0
90421,3,877,2,4.47,0.1
90510,3,32,2,4.1,0.5
90212,1,763,1,2.37,0.5
90989,3,281,4,5.94,0.1
90933,5,696,3,5.5,0.5
90428,5,968,3,2.89,0
90533,4,719,3,5.25,0
90815,4,466,3,2.8,0
90950,5,702,2,3.6,0.1
90990,1,297,2,2.87,0.25
90819,3,302,1,3.54,0.1
